surface_tension,molecular_formula,density_liquid,enthalpy_fusion,enthalpy_vaporization,enthalpy_vaporization_boiling,thermal_expansion,VDW_area,VDW_volume,radius_gyration,dipole_moment,C,Br,Cl,O,F,H,N,I,Si,S,molecular_weight
48.71,C2H2Br4,2.967,15.03,45.749,52.394,0.00084804,9460000000.0,71.16,4.54,"1.301 ",2.0,4.0,0.0,0.0,0.0,2.0,0.0,0.0,0.0,0.0,345.65136199999995
44.86,CHBr3,2.81,11.1,36.654,37.545,0.0009013,6810000000.0,49.98,3.73,"0.99 ",1.0,3.0,0.0,0.0,0.0,1.0,0.0,0.0,0.0,0.0,252.72918099999995
39.79,CH2Br2,2.482,8.916,31.733,33.933,0.00095464,5530000000.0,39.43,2.327,"1.43 ",1.0,2.0,0.0,0.0,0.0,2.0,0.0,0.0,0.0,0.0,173.833622
18.0,C2Br2F4,2.149,7.037000000000001,27.059,26.774,0.0015621,8560000000.0,58.34,3.779,"0.03 ",2.0,2.0,0.0,0.0,4.0,0.0,0.0,0.0,0.0,0.0,259.822092652
33.68,C2H4Br2,2.045,10.63,32.788,34.969,0.00094422,6870000000.0,49.65,3.099,"2.141 ",2.0,2.0,0.0,0.0,0.0,4.0,0.0,0.0,0.0,0.0,187.860244
38.16,C2H4Br2,2.169,10.94,34.944,35.79,0.00089629,6860000000.0,49.26,2.833,"1.010 ",2.0,2.0,0.0,0.0,0.0,4.0,0.0,0.0,0.0,0.0,187.860244
41.17,C6H4Br2,1.947,14.225,43.285,43.887,0.00074258,8600000000.0,70.92,4.691,"1.469 ",6.0,2.0,0.0,0.0,0.0,4.0,0.0,0.0,0.0,0.0,235.90320400000002
29.95,CBrCl3,1.994,2.03,32.359,32.156,0.00097401,7550000000.0,54.65,3.577,"0.59 ",1.0,1.0,3.0,0.0,0.0,0.0,0.0,0.0,0.0,0.0,198.27294
24.46,CH3Br,1.662,5.979,23.054,24.276,0.0017,4200000000.0,28.07,1.173,"1.811 ",1.0,1.0,0.0,0.0,0.0,3.0,0.0,0.0,0.0,0.0,94.938063
19.32,C2HBrClF3,1.8583,4.84,27.37,28.593000000000004,0.00148,7900000000.0,54.13,3.735,"2.066 ",2.0,1.0,1.0,0.0,3.0,1.0,0.0,0.0,0.0,0.0,197.38103048899998
22.71,C2H3Br,1.4933,5.504,24.192,24.716,0.0012713,5070000000.0,35.53,1.763,"1.421 ",2.0,1.0,0.0,0.0,0.0,3.0,0.0,0.0,0.0,0.0,106.948803
23.51,C2H5Br,1.4533,5.858,26.27,27.526,0.0014636,5550000000.0,38.3,1.987,"2.030 ",2.0,1.0,0.0,0.0,0.0,5.0,0.0,0.0,0.0,0.0,108.96468499999999
25.25,C3H7Br,1.345,6.527,29.285,30.286,0.0012918,6900000000.0,48.53,2.629,"2.18 ",3.0,1.0,0.0,0.0,0.0,7.0,0.0,0.0,0.0,0.0,122.991307
22.86,C3H7Br,1.3054,6.53,28.268,28.837,0.0013234,6890000000.0,48.52,2.615,"2.21 ",3.0,1.0,0.0,0.0,0.0,7.0,0.0,0.0,0.0,0.0,122.991307
25.91,C4H9Br,1.269,9.23,32.109,34.552,0.001234,8250000000.0,58.76,3.132,"2.08 ",4.0,1.0,0.0,0.0,0.0,9.0,0.0,0.0,0.0,0.0,137.01792899999998
24.67,C4H9Br,1.253,6.88,31.169,32.371,0.0012368,8250000000.0,58.9,3.123,"2.23 ",4.0,1.0,0.0,0.0,0.0,9.0,0.0,0.0,0.0,0.0,137.01792899999998
35.91,C6H5Br,1.487,10.702,37.33,37.754,0.00086113,7340000000.0,60.16,3.466,"1.7 ",6.0,1.0,0.0,0.0,0.0,5.0,0.0,0.0,0.0,0.0,157.007645
28.22,C7H15Br,1.135,21.76,39.633,40.967,0.0010507,12300000000.0,89.45,4.485,"2.159 ",7.0,1.0,0.0,0.0,0.0,15.0,0.0,0.0,0.0,0.0,179.097795
18.95,CCl2O,1.363,5.738,23.43,24.777,0.0017553,5200000000.0,34.9,2.877,"1.17 ",1.0,0.0,2.0,1.0,0.0,0.0,0.0,0.0,0.0,0.0,98.915945
18.34,CCl3F,1.477,7.9,24.917,25.156,0.0016193,6610000000.0,46.05,3.289,"0.45 ",1.0,0.0,3.0,0.0,1.0,0.0,0.0,0.0,0.0,0.0,137.367843163
26.29,CCl4,1.583,2.56,29.837,29.84,0.0011552,7280000000.0,52.3,3.482,"0.0 ",1.0,0.0,4.0,0.0,0.0,0.0,0.0,0.0,0.0,0.0,153.82234
7.87,CHClF2,1.193,4.123,19.031,20.193,0.0033277,4690000000.0,31.02,2.689,"1.4580000000000002 ",1.0,0.0,1.0,0.0,2.0,1.0,0.0,0.0,0.0,0.0,86.468387326
26.68,CHCl3,1.48,8.8,28.389,29.785,0.0013026,7660000000.0,43.5,3.249,"1.01 ",1.0,0.0,3.0,0.0,0.0,1.0,0.0,0.0,0.0,0.0,119.377381
17.78,CHN,0.68,8.406,25.114,26.896,0.0022569,3025000000.0,18.13,0.654,"2.98 ",1.0,0.0,0.0,0.0,0.0,1.0,1.0,0.0,0.0,0.0,27.025384000000003
27.84,CH2Cl2,1.318,6.16,26.409,28.381,0.001341,4990000000.0,34.71,2.322,"1.601 ",1.0,0.0,2.0,0.0,0.0,2.0,0.0,0.0,0.0,0.0,84.932422
6.99,CH2F2,0.8915,4.4,18.052,20.209,0.0040117,3550000000.0,21.67,1.95,"1.979 ",1.0,0.0,0.0,0.0,2.0,2.0,0.0,0.0,0.0,0.0,52.023428325999994
66.98,CH2I2,3.32,12.1,39.724,40.743,0.00079296,6430000000.0,50.93,2.438,"1.22 ",1.0,0.0,0.0,0.0,0.0,2.0,0.0,2.0,0.0,0.0,267.83556200000004
15.7,CH2O,0.736,7.05,20.177,23.16,0.002147,3090000000.0,18.6,1.215,"2.33 ",1.0,0.0,0.0,1.0,0.0,2.0,0.0,0.0,0.0,0.0,30.026027
37.67,CH2O2,1.2111,12.68,32.1,21.99,0.0014794,3634000000.0,22.74,1.847,"1.415 ",1.0,0.0,0.0,2.0,0.0,2.0,0.0,0.0,0.0,0.0,46.025431999999995
15.19,CH3Cl,0.913,6.431,20.354,21.549,0.0022985,3920000000.0,25.29,1.265,"1.871 ",1.0,0.0,1.0,0.0,0.0,3.0,0.0,0.0,0.0,0.0,50.487463
2.06,CH3F,0.5283,1.426,15.686,17.67,0.0083319,3220000000.0,19.39,1.41,"1.851 ",1.0,0.0,0.0,0.0,1.0,3.0,0.0,0.0,0.0,0.0,34.032966163
29.75,CH3I,2.28,9.1,26.659,27.32,0.0013459,4600000000.0,32.85,1.035,"1.619 ",1.0,0.0,0.0,0.0,0.0,3.0,0.0,1.0,0.0,0.0,141.939033
57.02,CH3NO,1.129,8.667,43.458,48.25,0.0012137,4110000000.0,25.46,1.894,"3.73 ",1.0,0.0,0.0,1.0,0.0,3.0,1.0,0.0,0.0,0.0,45.040670999999996
36.27,CH3NO2,1.129,9.703,32.119,35.04,0.0011482,4690000000.0,30.47,2.354,"3.46 ",1.0,0.0,0.0,2.0,0.0,3.0,1.0,0.0,0.0,0.0,61.040076
18.01,CH4Cl2Si,1.103,9.87,26.502,26.435,0.0015754,7080000000.0,52.8,3.256,"1.91 ",1.0,0.0,2.0,0.0,0.0,4.0,0.0,0.0,1.0,0.0,115.03380399999999
22.09,CH4O,0.787,3.215,28.716,35.139,0.0014175,3580000000.0,21.71,1.5519999999999998,"1.7 ",1.0,0.0,0.0,1.0,0.0,4.0,0.0,0.0,0.0,0.0,32.041909
23.84,CH4S,0.862,5.904,23.283,24.574,0.0015878,4390000000.0,28.48,1.606,"1.52 ",1.0,0.0,0.0,0.0,0.0,4.0,0.0,0.0,0.0,1.0,48.107304
19.89,CH5N,0.655,6.134,22.157,26.111,0.0018713,3860000000.0,24.21,1.722,"1.31 ",1.0,0.0,0.0,0.0,0.0,5.0,1.0,0.0,0.0,0.0,31.057147999999998
8.11,COS,1.005,4.728,18.186,18.612,0.0028886,4053000000.0,25.9,1.27,"0.711 ",1.0,0.0,0.0,1.0,0.0,0.0,0.0,0.0,0.0,1.0,60.074945
31.56,CS2,1.256,4.388999999999999,26.984,26.616,0.0010923,4754000000.0,31.2,1.569,"0.0 ",1.0,0.0,0.0,0.0,0.0,0.0,0.0,0.0,0.0,2.0,76.14034
8.34,C2ClF3,1.275,5.553,20.155,21.364,0.0029697,6490000000.0,40.26,3.293,"0.399 ",2.0,0.0,1.0,0.0,3.0,0.0,0.0,0.0,0.0,0.0,116.46958948899999
4.83,C2ClF5,1.287,1.879,19.313,19.33,0.0038533,7570000000.0,40.26,3.587,"0.519 ",2.0,0.0,1.0,0.0,5.0,0.0,0.0,0.0,0.0,0.0,154.466395815
10.98,C2Cl2F4,1.455,1.51,23.066,23.147,0.0021716,8240000000.0,55.14,3.602,"0.669 ",2.0,0.0,2.0,0.0,4.0,0.0,0.0,0.0,0.0,0.0,170.920892652
31.65,C2Cl4,1.6156,10.88,34.016,34.344,0.00087892,8500000000.0,58.98,4.059,"0.0 ",2.0,0.0,4.0,0.0,0.0,0.0,0.0,0.0,0.0,0.0,165.83308
23.44,C2Cl4F2,1.6451,3.697,31.357,31.828,0.0011974,8910000000.0,67.62,3.628,"1.259 ",2.0,0.0,4.0,0.0,2.0,0.0,0.0,0.0,0.0,0.0,203.829886326
28.73,C2HCl3,1.4556,8.45,30.812,31.624,0.0011359,7130000000.0,49.58,3.742,"0.77 ",2.0,0.0,3.0,0.0,0.0,1.0,0.0,0.0,0.0,0.0,131.388121
30.58,C2HCl5,1.675,11.34,37.912,37.093,0.00086987,9670000000.0,71.31,4.172,"0.92 ",2.0,0.0,5.0,0.0,0.0,1.0,0.0,0.0,0.0,0.0,202.29392099999998
3.95,C2HF5,1.2166,2.25,18.372,19.147,0.005306,6320000000.0,40.11,3.282,"1.541 ",2.0,0.0,0.0,0.0,5.0,1.0,0.0,0.0,0.0,0.0,120.021436815
20.64,C2H2Cl2,1.2103,6.51,25.594,26.607,0.0012699,6110000000.0,41.43,3.011,"1.340 ",2.0,0.0,2.0,0.0,0.0,2.0,0.0,0.0,0.0,0.0,96.943162
28.68,C2H2Cl2,1.265,7.205,28.315,29.749,0.0011958,5760000000.0,40.18,2.991,"1.901 ",2.0,0.0,2.0,0.0,0.0,2.0,0.0,0.0,0.0,0.0,96.943162
25.36,C2H2Cl2,1.2565,11.983,27.151,28.221,0.0013482,5760000000.0,40.18,2.634,"0.000 ",2.0,0.0,2.0,0.0,0.0,2.0,0.0,0.0,0.0,0.0,96.943162
35.44,C2H2Cl4,1.587,9.52,36.397,38.488,0.0010966,8420000000.0,62.52,4.044,"1.289 ",2.0,0.0,4.0,0.0,0.0,2.0,0.0,0.0,0.0,0.0,167.848962
8.41,C2H2F4,1.21,5.8420000000000005,20.318,20.972,0.0032229,5950000000.0,37.56,2.944,"2.058 ",2.0,0.0,0.0,0.0,4.0,2.0,0.0,0.0,0.0,0.0,102.030974652
15.84,C2H3Cl,0.903,4.92,21.477,22.823,0.0016165,4740000000.0,32.03,2.049,"1.451 ",2.0,0.0,1.0,0.0,0.0,3.0,0.0,0.0,0.0,0.0,62.498203000000004
11.28,C2H3ClF2,1.1078,2.69,21.828,22.457,0.0023144,6240000000.0,41.24,2.8960000000000004,"2.141 ",2.0,0.0,1.0,0.0,2.0,3.0,0.0,0.0,0.0,0.0,100.495009326
25.02,C2H3Cl3,1.33,2.35,29.594,29.839,0.0013066,7580000000.0,53.72,3.373,"1.781 ",2.0,0.0,3.0,0.0,0.0,3.0,0.0,0.0,0.0,0.0,133.404003
33.75,C2H3Cl3,1.435,10.9,33.317,34.62,0.0012569,7360000000.0,53.11,3.717,"1.250 ",2.0,0.0,3.0,0.0,0.0,3.0,0.0,0.0,0.0,0.0,133.404003
3.01,C2H3F,0.615,2.736,16.219,18.322,0.0063028,4040000000.0,26.13,1.934,"1.430 ",2.0,0.0,0.0,0.0,1.0,3.0,0.0,0.0,0.0,0.0,46.043706162999996
4.59,C2H3F3,1.078,6.192,18.448,19.459,0.005488,5570000000.0,35.0,2.767,"2.320 ",2.0,0.0,0.0,0.0,3.0,3.0,0.0,0.0,0.0,0.0,84.040512489
28.66,C2H3N,0.779,6.67,30.306,30.299,0.0011843,4310000000.0,28.37,1.841,"3.920 ",2.0,0.0,0.0,0.0,0.0,3.0,1.0,0.0,0.0,0.0,41.052006000000006
24.66,C2H4Cl2,1.168,7.87,28.035,29.231,0.0013231,6330000000.0,44.93,3.095,"2.060 ",2.0,0.0,2.0,0.0,0.0,4.0,0.0,0.0,0.0,0.0,98.95904399999999
32.57,C2H4Cl2,1.256,8.75,30.484,32.163000000000004,0.0011136,6300000000.0,43.7,2.827,"1.439 ",2.0,0.0,2.0,0.0,0.0,4.0,0.0,0.0,0.0,0.0,98.95904399999999
9.97,C2H4F2,0.907,3.573,20.458,21.732,0.0029104,4890000000.0,31.89,2.514,"2.262 ",2.0,0.0,0.0,0.0,2.0,4.0,0.0,0.0,0.0,0.0,66.050050326
19.98,C2H4F2,0.8995,3.573,23.7,26.179,0.002541,4900000000.0,31.9,2.508,"2.671 ",2.0,0.0,0.0,0.0,2.0,4.0,0.0,0.0,0.0,0.0,66.050050326
21.18,C2H4O,0.774,2.31,24.644,23.991,0.0016943,4490000000.0,28.81,2.083,"2.689 ",2.0,0.0,0.0,1.0,0.0,4.0,0.0,0.0,0.0,0.0,44.052649
23.54,C2H4O,0.862,5.17,23.825,25.697,0.0016874,3300000000.0,24.16,1.937,"1.889 ",2.0,0.0,0.0,1.0,0.0,4.0,0.0,0.0,0.0,0.0,44.052649
26.99,C2H4O2,1.0432,11.72,33.732,23.33,0.0011071,5180000000.0,33.3,2.61,"1.739 ",2.0,0.0,0.0,2.0,0.0,4.0,0.0,0.0,0.0,0.0,60.052054
24.24,C2H4O2,0.967,7.5310000000000015,26.039,28.186,0.0015396,5090000000.0,32.51,2.387,"1.770 ",2.0,0.0,0.0,2.0,0.0,4.0,0.0,0.0,0.0,0.0,60.052054
19.34,C2H5Cl,0.8899,4.45,24.192,24.75,0.0017875,5270000000.0,35.52,2.267,"2.051 ",2.0,0.0,1.0,0.0,0.0,5.0,0.0,0.0,0.0,0.0,64.514085
8.98,C2H5F,0.7075,4.016,19.358,19.957,0.0030576,4570000000.0,29.62,2.832,"1.940 ",2.0,0.0,0.0,0.0,1.0,5.0,0.0,0.0,0.0,0.0,48.059588163
28.39,C2H5I,1.95,5.3420000000000005,29.435,30.03,0.0011974,5950000000.0,43.08,1.7990000000000002,"1.910 ",2.0,0.0,0.0,0.0,0.0,5.0,0.0,1.0,0.0,0.0,155.965655
33.74,C2H5N,0.831,5.87,27.849,31.752,0.0014419,3690000000.0,28.54,1.99,"1.900 ",2.0,0.0,0.0,0.0,0.0,5.0,1.0,0.0,0.0,0.0,43.067887999999996
38.52,C2H5NO,0.999,14.3,41.5,47.224,0.0010967,5480000000.0,36.45,2.428,"3.830 ",2.0,0.0,0.0,1.0,0.0,5.0,1.0,0.0,0.0,0.0,59.06729299999999
31.66,C2H5NO2,1.043,9.85,33.392,36.105,0.0010741,6020000000.0,40.7,2.795,"3.657 ",2.0,0.0,0.0,2.0,0.0,5.0,1.0,0.0,0.0,0.0,75.066698
21.99,C2H6O,0.787,4.93,29.996,39.4,0.0013882,4930000000.0,31.94,2.259,"1.691 ",2.0,0.0,0.0,1.0,0.0,6.0,0.0,0.0,0.0,0.0,46.068531
11.43,C2H6O,0.655,4.94,20.536,21.56,0.0024733,4840000000.0,31.04,2.154,"1.301 ",2.0,0.0,0.0,1.0,0.0,6.0,0.0,0.0,0.0,0.0,46.068531
42.86,C2H6OS,1.095,14.37,40.668,42.699,0.00076743,6180000000.0,42.88,2.84,"3.957 ",2.0,0.0,0.0,1.0,0.0,6.0,0.0,0.0,0.0,1.0,78.133331
48.43,C2H6O2,1.11,9.958,41.292,52.495,0.00045487,5620000000.0,36.54,2.564,"2.410 ",2.0,0.0,0.0,2.0,0.0,6.0,0.0,0.0,0.0,0.0,62.067936
22.82,C2H6S,0.833,4.97,26.039,26.87,0.0014509,5750000000.0,38.71,2.363,"1.580 ",2.0,0.0,0.0,0.0,0.0,6.0,0.0,0.0,0.0,1.0,62.133926
24.17,C2H6S,0.85,7.985,26.224,26.908,0.0014105,5540000000.0,38.14,2.374,"1.499 ",2.0,0.0,0.0,0.0,0.0,6.0,0.0,0.0,0.0,1.0,62.133926
34.06,C2H6S2,1.057,9.192,32.948,34.342,0.00093434,7250000000.0,50.04,2.942,"1.985 ",2.0,0.0,0.0,0.0,0.0,6.0,0.0,0.0,0.0,2.0,94.198726
19.89,C2H7N,0.677,9.35,24.376,27.349,0.001685,5210000000.0,34.44,2.336,"1.22 ",2.0,0.0,0.0,0.0,0.0,7.0,1.0,0.0,0.0,0.0,45.08377
16.34,C2H7N,0.65,5.941,23.457,26.636,0.0019314,5230000000.0,35.42,2.271,"1.031 ",2.0,0.0,0.0,0.0,0.0,7.0,1.0,0.0,0.0,0.0,45.08377
48.3,C2H7NO,1.014,20.496,38.767,51.534,0.00069866,5900000000.0,39.04,1.826,"0.7759999999999999 ",2.0,0.0,0.0,1.0,0.0,7.0,1.0,0.0,0.0,0.0,61.083175
41.12,C2H8N2,0.893,22.583,33.714,40.01,0.00093512,9660000000.0,41.54,2.761,"1.901 ",2.0,0.0,0.0,0.0,0.0,8.0,2.0,0.0,0.0,0.0,60.098414000000005
14.18,C2N2,0.866,8.109,20.808,23.413,0.0023815,4380000000.0,29.4,2.19,"0.0 ",2.0,0.0,0.0,0.0,0.0,0.0,2.0,0.0,0.0,0.0,52.034886
5.27,C3F6O,1.321,8.38,20.252,21.744,0.0046609,8500000000.0,54.36,3.933,"0.648 ",3.0,0.0,0.0,1.0,6.0,0.0,0.0,0.0,0.0,0.0,166.022043978
3.66,C3F8,1.2732,0.48,19.191,19.701,0.0042972,9200000000.0,57.99,3.736,"0.0 ",3.0,0.0,0.0,0.0,8.0,0.0,0.0,0.0,0.0,0.0,188.019445304
26.71,C3H3N,0.801,6.23,29.95,31.06,0.0012628,5130000000.0,35.1,2.464,"3.87 ",3.0,0.0,0.0,0.0,0.0,3.0,1.0,0.0,0.0,0.0,53.062746000000004
11.48,C3H4,0.607,6.5,20.445,22.247,0.0024944,4840000000.0,33.27,1.908,"0.782 ",3.0,0.0,0.0,0.0,0.0,4.0,0.0,0.0,0.0,0.0,40.063984000000005
9.5,C3H4,0.579,4.4,19.72,20.599,0.0026014,4706000000.0,30.84,1.911,"0.0 ",3.0,0.0,0.0,0.0,0.0,4.0,0.0,0.0,0.0,0.0,40.063984000000005
31.13,C3H4Cl2,1.2041,9.33,31.47,31.013,0.0011585,7440000000.0,51.04,3.47,"1.739 ",3.0,0.0,2.0,0.0,0.0,4.0,0.0,0.0,0.0,0.0,110.969784
29.92,C3H4O,0.834,1.02,27.989,29.03,0.0011108,6390000000.0,44.02,2.443,"3.12 ",3.0,0.0,0.0,1.0,0.0,4.0,0.0,0.0,0.0,0.0,56.063389
35.5,C3H4O,0.945,10.588,33.383,42.329,0.0011023,5530000000.0,37.87,2.543,"1.78 ",3.0,0.0,0.0,1.0,0.0,4.0,0.0,0.0,0.0,0.0,56.063389
42.13,C3H4O2,1.0527,11.16,35.722,42.52,0.00099679,6000000000.0,39.93,2.978,"1.46 ",3.0,0.0,0.0,2.0,0.0,4.0,0.0,0.0,0.0,0.0,72.062794
64.19,C3H4O2,1.262,9.41,39.633,43.057,0.00094516,4900000000.0,35.66,2.481,"4.167 ",3.0,0.0,0.0,2.0,0.0,4.0,0.0,0.0,0.0,0.0,72.062794
22.27,C3H4O2,0.954,8.297,26.092,31.199,0.0016011,5900000000.0,39.25,2.68,"1.66 ",3.0,0.0,0.0,2.0,0.0,4.0,0.0,0.0,0.0,0.0,72.062794
18.3,C3H5Cl,0.895,5.132999999999999,24.81,24.336,0.0013776,6410000000.0,42.86,2.786,"1.661 ",3.0,0.0,1.0,0.0,0.0,5.0,0.0,0.0,0.0,0.0,76.52482499999999
23.61,C3H5Cl,0.9313,6.443,26.891,26.242,0.0013562,6090000000.0,42.26,2.668,"1.94 ",3.0,0.0,1.0,0.0,0.0,5.0,0.0,0.0,0.0,0.0,76.52482499999999
36.29,C3H5ClO,1.174,10.46,33.543,37.23,0.00097746,5670000000.0,42.56,3.043,"1.7990000000000002 ",3.0,0.0,1.0,1.0,0.0,5.0,0.0,0.0,0.0,0.0,92.52422999999999
26.65,C3H5N,0.777,5.03,31.733,32.85,0.0011616,5660000000.0,38.6,2.652,"4.02 ",3.0,0.0,0.0,0.0,0.0,5.0,1.0,0.0,0.0,0.0,55.078628
280.08,C3H5N3O9,1.586,26.6,57.996,65.581,0.00080342,12720000000.0,88.74,4.65,"3.148 ",3.0,0.0,0.0,9.0,0.0,5.0,3.0,0.0,0.0,0.0,227.08667899999998
11.1,C3H6,0.619,5.44,19.72,20.083,0.0025011,4050000000.0,30.69,2.12,"0.0 ",3.0,0.0,0.0,0.0,0.0,6.0,0.0,0.0,0.0,0.0,42.079866
6.91,C3H6,0.504,3.003,18.421,18.492,0.0034054,5060000000.0,34.08,2.254,"0.366 ",3.0,0.0,0.0,0.0,0.0,6.0,0.0,0.0,0.0,0.0,42.079866
26.0,C3H6Cl2,1.1258,8.397,30.915,31.806,0.0011175,7680000000.0,55.16,3.495,"2.081 ",3.0,0.0,2.0,0.0,0.0,6.0,0.0,0.0,0.0,0.0,112.98566600000001
28.94,C3H6Cl2,1.1496,6.4,31.733,32.03,0.0011132,7640000000.0,54.54,3.4960000000000004,"1.46 ",3.0,0.0,2.0,0.0,0.0,6.0,0.0,0.0,0.0,0.0,112.98566600000001
33.93,C3H6Cl2,1.1811,11.92,33.997,34.903,0.0011076,7650000000.0,53.93,3.5010000000000003,"2.081 ",3.0,0.0,2.0,0.0,0.0,6.0,0.0,0.0,0.0,0.0,112.98566600000001
25.32,C3H6O,0.85,5.12,31.733,39.8,0.0011373,5750000000.0,38.68,2.577,"1.6 ",3.0,0.0,0.0,1.0,0.0,6.0,0.0,0.0,0.0,0.0,58.079271000000006
26.47,C3H6O,0.796,8.59,27.244,28.64,0.0014243,5840000000.0,39.04,2.643,"2.521 ",3.0,0.0,0.0,1.0,0.0,6.0,0.0,0.0,0.0,0.0,58.079271000000006
23.04,C3H6O,0.786,5.72,27.923,29.792,0.0014142,5840000000.0,39.04,2.7460000000000004,"2.88 ",3.0,0.0,0.0,1.0,0.0,6.0,0.0,0.0,0.0,0.0,58.079271000000006
21.44,C3H6O,0.823,6.533,25.937,27.735,0.001504,4640000000.0,34.4,2.66,"2.009 ",3.0,0.0,0.0,1.0,0.0,6.0,0.0,0.0,0.0,0.0,58.079271000000006
26.2,C3H6O2,0.9867,10.66,35.893,31.22,0.0010691,6530000000.0,43.42,3.107,"1.751 ",3.0,0.0,0.0,2.0,0.0,6.0,0.0,0.0,0.0,0.0,74.078676
23.08,C3H6O2,0.917,9.205,27.709,29.786,0.0014159,6440000000.0,42.74,2.963,"1.93 ",3.0,0.0,0.0,2.0,0.0,6.0,0.0,0.0,0.0,0.0,74.078676
24.54,C3H6O2,0.927,7.4860000000000015,27.989,30.612,0.0014374,6440000000.0,42.54,2.9960000000000004,"1.679 ",3.0,0.0,0.0,2.0,0.0,6.0,0.0,0.0,0.0,0.0,74.078676
39.16,C3H6O2S,1.213,16.974,38.582,52.86,0.00077365,7900000000.0,55.01,3.705,"2.251 ",3.0,0.0,0.0,2.0,0.0,6.0,0.0,0.0,0.0,1.0,106.14347599999999
114.14,C3H6O3,1.201,11.35,48.031,58.158,0.0009158,7200000000.0,48.01,3.298,"1.139 ",3.0,0.0,0.0,3.0,0.0,6.0,0.0,0.0,0.0,0.0,90.078081
61.96,C3H6O3,1.17,10.5,41.888,52.916,0.00085949,7130000000.0,47.12,3.293,"2.56 ",3.0,0.0,0.0,3.0,0.0,6.0,0.0,0.0,0.0,0.0,90.078081
21.28,C3H7Cl,0.856,5.544,27.059,27.887,0.0014843,6620000000.0,45.75,2.774,"2.051 ",3.0,0.0,1.0,0.0,0.0,7.0,0.0,0.0,0.0,0.0,78.540707
19.6,C3H7Cl,0.8582,7.39,25.946,26.692,0.0015203,6610000000.0,45.74,2.905,"2.17 ",3.0,0.0,1.0,0.0,0.0,7.0,0.0,0.0,0.0,0.0,78.540707
28.88,C3H7I,1.739,7.932,32.251,32.163,0.0010774,7300000000.0,53.31,2.311,"2.04 ",3.0,0.0,0.0,0.0,0.0,7.0,0.0,1.0,0.0,0.0,169.992277
26.62,C3H7I,1.695,4.409,31.019,31.321,0.0011522,7290000000.0,53.3,2.427,"1.95 ",3.0,0.0,0.0,0.0,0.0,7.0,0.0,1.0,0.0,0.0,169.992277
24.27,C3H7N,0.757,9.49,27.635,30.657,0.0010869,6030000000.0,41.18,2.704,"1.31 ",3.0,0.0,0.0,0.0,0.0,7.0,1.0,0.0,0.0,0.0,57.09451
34.43,C3H7NO,0.945,8.95,37.049,39.409,0.0009912,6840000000.0,46.81,3.027,"3.807 ",3.0,0.0,0.0,1.0,0.0,7.0,1.0,0.0,0.0,0.0,73.09391500000001
29.03,C3H7NO2,0.983,10.228,33.95,35.803,0.0010061,7360000000.0,50.92,3.273,"3.717 ",3.0,0.0,0.0,2.0,0.0,7.0,1.0,0.0,0.0,0.0,89.09332
6.62,C3H8,0.493,3.524,18.911,18.799,0.0032075,5590000000.0,37.57,2.431,"0.000 ",3.0,0.0,0.0,0.0,0.0,8.0,0.0,0.0,0.0,0.0,44.095748
23.32,C3H8O,0.802,5.372000000000001,31.761,41.38,0.0012841,6280000000.0,42.17,2.825,"1.679 ",3.0,0.0,0.0,1.0,0.0,8.0,0.0,0.0,0.0,0.0,60.095153
20.92,C3H8O,0.783,5.41,30.371,39.87,0.0014325,6270000000.0,42.16,2.807,"1.660 ",3.0,0.0,0.0,1.0,0.0,8.0,0.0,0.0,0.0,0.0,60.095153
15.27,C3H8O,0.692,7.98,23.659,31.224,0.001911,6190000000.0,41.27,2.594,"1.229 ",3.0,0.0,0.0,1.0,0.0,8.0,0.0,0.0,0.0,0.0,60.095153
43.39,C3H8O2,0.96,8.33,34.338,39.47,0.0011995,6880000000.0,45.87,2.985,"2.129 ",3.0,0.0,0.0,2.0,0.0,8.0,0.0,0.0,0.0,0.0,76.094558
18.82,C3H8O2,0.854,8.33,26.622,27.794,0.0013647,6790000000.0,44.97,2.891,"0.740 ",3.0,0.0,0.0,2.0,0.0,8.0,0.0,0.0,0.0,0.0,76.094558
45.63,C3H8O2,1.052,12.0,42.909,57.865,0.00078304,6970000000.0,46.77,3.169,"2.521 ",3.0,0.0,0.0,2.0,0.0,8.0,0.0,0.0,0.0,0.0,76.094558
84.58,C3H8O3,1.257,18.284,50.265,66.128,0.00035795,7650000000.0,51.36,3.52,"2.680 ",3.0,0.0,0.0,3.0,0.0,8.0,0.0,0.0,0.0,0.0,92.093963
24.19,C3H8S,0.836,5.48,29.005,29.79,0.0012468,7100000000.0,48.94,2.883,"1.541 ",3.0,0.0,0.0,0.0,0.0,8.0,0.0,0.0,0.0,1.0,76.160548
21.38,C3H8S,0.809,5.74,27.802,28.208,0.0012615,7100000000.0,48.93,2.9930000000000003,"1.550 ",3.0,0.0,0.0,0.0,0.0,8.0,0.0,0.0,0.0,1.0,76.160548
22.37,C3H9N,0.714,10.974,27.244,29.537,0.0014018,6560000000.0,44.67,2.806,"1.169 ",3.0,0.0,0.0,0.0,0.0,9.0,1.0,0.0,0.0,0.0,59.110392000000004
17.36,C3H9N,0.684,7.325,25.761,28.228,0.0015444,6550000000.0,44.66,2.802,"1.451 ",3.0,0.0,0.0,0.0,0.0,9.0,1.0,0.0,0.0,0.0,59.110392000000004
13.4,C3H9N,0.629,6.544,22.907,23.44400000000001,0.0021028,6590000000.0,45.34,2.766,"0.612 ",3.0,0.0,0.0,0.0,0.0,9.0,1.0,0.0,0.0,0.0,59.110392000000004
44.7,C3H9NO,0.972,15.9,40.352,55.256,0.000872,7250000000.0,49.27,3.1260000000000003,"2.690 ",3.0,0.0,0.0,1.0,0.0,9.0,1.0,0.0,0.0,0.0,75.109797
35.7,C3H9NO,0.934,8.76,37.531,46.363,0.00084483,7270000000.0,50.25,3.035,"2.159 ",3.0,0.0,0.0,1.0,0.0,9.0,1.0,0.0,0.0,0.0,75.109797
7.97,C4F8,1.495,2.768,22.202,23.217,0.0028086,9200000000.0,61.32,3.889,"0.000 ",4.0,0.0,0.0,0.0,8.0,0.0,0.0,0.0,0.0,0.0,200.03018530399999
22.69,C4H4O,0.935,3.8,25.641,27.175,0.001632,4920000000.0,37.58,2.559,"0.660 ",4.0,0.0,0.0,1.0,0.0,4.0,0.0,0.0,0.0,0.0,68.074129
41.27,C4H4O2,1.05,14.43,34.622,38.82,0.00096398,6020000000.0,42.38,2.998,"3.538 ",4.0,0.0,0.0,2.0,0.0,4.0,0.0,0.0,0.0,0.0,84.073534
31.44,C4H4S,1.059,5.086,30.54,31.846,0.0010302,5620000000.0,44.68,2.781,"0.540 ",4.0,0.0,0.0,0.0,0.0,4.0,0.0,0.0,0.0,1.0,84.139524
23.62,C4H5Cl,0.95,6.443,28.231,27.897,0.0014754,7230000000.0,49.6,3.274,"1.430 ",4.0,0.0,1.0,0.0,0.0,5.0,0.0,0.0,0.0,0.0,88.53556499999999
35.51,C4H5N,0.807,9.82,32.87,35.57,0.0011071,6470000000.0,45.31,2.893,"4.527 ",4.0,0.0,0.0,0.0,0.0,5.0,1.0,0.0,0.0,0.0,67.08936800000001
36.13,C4H5N,0.819,8.54,32.87,33.74,0.0011042,6470000000.0,45.31,2.924,"4.077 ",4.0,0.0,0.0,0.0,0.0,5.0,1.0,0.0,0.0,0.0,67.08936800000001
29.3,C4H5N,0.795,10.042,31.075,30.65,0.0011101,6780000000.0,45.32,3.172,"3.687 ",4.0,0.0,0.0,0.0,0.0,5.0,1.0,0.0,0.0,0.0,67.08936800000001
40.22,C4H5N,0.829,10.1,33.827,35.341,0.0011018,6480000000.0,45.34,2.979,"3.418 ",4.0,0.0,0.0,0.0,0.0,5.0,1.0,0.0,0.0,0.0,67.08936800000001
36.95,C4H5N,0.965,7.91,34.849,39.093,0.00094065,5310000000.0,41.96,2.567,"1.840 ",4.0,0.0,0.0,0.0,0.0,5.0,1.0,0.0,0.0,0.0,67.08936800000001
17.07,C4H6,0.648,6.03,23.477,24.522,0.0020257,6190000000.0,43.5,2.77,"0.809 ",4.0,0.0,0.0,0.0,0.0,6.0,0.0,0.0,0.0,0.0,54.090606
17.44,C4H6,0.646,6.96,23.733,24.22,0.0018885,6060000000.0,41.04,2.724,"0.402 ",4.0,0.0,0.0,0.0,0.0,6.0,0.0,0.0,0.0,0.0,54.090606
13.41,C4H6,0.615,7.98,22.321,22.479,0.0020672,5880000000.0,40.82,2.602,"0.000 ",4.0,0.0,0.0,0.0,0.0,6.0,0.0,0.0,0.0,0.0,54.090606
43.43,C4H6Cl2,1.188,14.712,37.006,38.332,0.0010835,8460000000.0,60.24,3.82,"0.000 ",4.0,0.0,2.0,0.0,0.0,6.0,0.0,0.0,0.0,0.0,124.99640600000001
31.21,C4H6Cl2,1.187,14.712,33.745,38.792,0.0010837,8460000000.0,60.64,3.832,"0.000 ",4.0,0.0,2.0,0.0,0.0,6.0,0.0,0.0,0.0,0.0,124.99640600000001
31.39,C4H6Cl2,1.148,9.707,34.205,34.321,0.0010903,8480000000.0,61.28,3.934,"4.047 ",4.0,0.0,2.0,0.0,0.0,6.0,0.0,0.0,0.0,0.0,124.99640600000001
32.9,C4H6O,0.819,8.86,32.406,29.636,0.0010277,6510000000.0,45.3,3.084,"4.047 ",4.0,0.0,0.0,1.0,0.0,6.0,0.0,0.0,0.0,0.0,70.090011
24.85,C4H6O,0.847,8.812999999999997,29.07,29.74,0.0010212,6960000000.0,45.76,3.1210000000000004,"2.680 ",4.0,0.0,0.0,1.0,0.0,6.0,0.0,0.0,0.0,0.0,70.090011
17.17,C4H6O,0.731,7.95,25.317,26.759,0.0016609,6480000000.0,44.52,2.951,"1.070 ",4.0,0.0,0.0,1.0,0.0,6.0,0.0,0.0,0.0,0.0,70.090011
46.97,C4H6O2,1.0103,8.062999999999999,37.96,33.22,0.00099545,7650000000.0,50.14,3.412,"1.649 ",4.0,0.0,0.0,2.0,0.0,6.0,0.0,0.0,0.0,0.0,86.089416
54.08,C4H6O2,1.125,9.57,41.985,42.773,0.00080501,6250000000.0,45.89,2.642,"3.820 ",4.0,0.0,0.0,2.0,0.0,6.0,0.0,0.0,0.0,0.0,86.089416
24.53,C4H6O2,0.926,8.46,29.454,31.31,0.0013804,7260000000.0,49.28,2.969,"1.790 ",4.0,0.0,0.0,2.0,0.0,6.0,0.0,0.0,0.0,0.0,86.089416
31.92,C4H6O3,1.077,10.502,35.758,40.83,0.0010378,8640000000.0,54.4,3.579,"2.788 ",4.0,0.0,0.0,3.0,0.0,6.0,0.0,0.0,0.0,0.0,102.088821
26.95,C4H7N,0.786,5.021,33.714,34.541,0.0011315,7010000000.0,48.83,3.088,"4.07 ",4.0,0.0,0.0,0.0,0.0,7.0,1.0,0.0,0.0,0.0,69.10525
30.5,C4H7N,0.766,10.3,32.486,33.92,0.0010832,7000000000.0,48.82,3.2110000000000003,"4.29 ",4.0,0.0,0.0,0.0,0.0,7.0,1.0,0.0,0.0,0.0,69.10525
65.69,C4H7NO,1.108,13.92,45.895,53.031,0.0007001,6640000000.0,50.47,3.074,"0.309 ",4.0,0.0,0.0,1.0,0.0,7.0,1.0,0.0,0.0,0.0,85.10465500000001
17.54,C4H8,0.689,1.09,23.733,23.982,0.0016761,5400000000.0,40.92,2.45,"0.0 ",4.0,0.0,0.0,0.0,0.0,8.0,0.0,0.0,0.0,0.0,56.106488
12.12,C4H8,0.588,3.85,22.157,22.443,0.0021693,6410000000.0,44.31,2.762,"0.34 ",4.0,0.0,0.0,0.0,0.0,8.0,0.0,0.0,0.0,0.0,56.106488
13.83,C4H8,0.617,7.31,23.076,23.43,0.0019648,6400000000.0,44.28,2.833,"0.3 ",4.0,0.0,0.0,0.0,0.0,8.0,0.0,0.0,0.0,0.0,56.106488
12.72,C4H8,0.599,9.76,22.834,22.905,0.0020436,6400000000.0,44.28,2.734,"0.0 ",4.0,0.0,0.0,0.0,0.0,8.0,0.0,0.0,0.0,0.0,56.106488
11.69,C4H8,0.589,5.92,22.097,22.213,0.0021935,6710000000.0,44.29,2.875,"0.5 ",4.0,0.0,0.0,0.0,0.0,8.0,0.0,0.0,0.0,0.0,56.106488
35.42,C4H8Cl2,1.135,14.51,35.514,37.964,0.0010461,9000000000.0,64.16,3.76,"2.221 ",4.0,0.0,2.0,0.0,0.0,8.0,0.0,0.0,0.0,0.0,127.01228800000001
18.07,C4H8O,0.749,1.85,25.946,26.877,0.0016231,7010000000.0,48.01,2.94,"0.98 ",4.0,0.0,0.0,1.0,0.0,8.0,0.0,0.0,0.0,0.0,72.10589300000001
24.82,C4H8O,0.797,11.104,29.669,31.788,0.0012525,7190000000.0,49.27,3.185,"2.719 ",4.0,0.0,0.0,1.0,0.0,8.0,0.0,0.0,0.0,0.0,72.10589300000001
22.88,C4H8O,0.784,12.0,28.548,30.777,0.0012297,7190000000.0,49.27,3.176,"2.698 ",4.0,0.0,0.0,1.0,0.0,8.0,0.0,0.0,0.0,0.0,72.10589300000001
23.96,C4H8O,0.799,8.44,30.137,31.221,0.0013057,7190000000.0,49.27,3.135,"2.76 ",4.0,0.0,0.0,1.0,0.0,8.0,0.0,0.0,0.0,0.0,72.10589300000001
26.91,C4H8O,0.88,8.54,28.828,30.26,0.001187,6000000000.0,44.62,2.694,"1.63 ",4.0,0.0,0.0,1.0,0.0,8.0,0.0,0.0,0.0,0.0,72.10589300000001
26.08,C4H8O2,0.9541,11.07,37.988,45.29,0.0010349,7880000000.0,53.87,3.61,"1.649 ",4.0,0.0,0.0,2.0,0.0,8.0,0.0,0.0,0.0,0.0,88.105298
24.61,C4H8O2,0.946,5.021,37.13,43.881,0.001064,7870000000.0,53.86,3.444,"1.091 ",4.0,0.0,0.0,2.0,0.0,8.0,0.0,0.0,0.0,0.0,88.105298
23.94,C4H8O2,0.9,13.2,30.24,32.007,0.0012729,7790000000.0,52.97,3.364,"1.91 ",4.0,0.0,0.0,2.0,0.0,8.0,0.0,0.0,0.0,0.0,88.105298
23.24,C4H8O2,0.894,10.48,29.875,32.231,0.001352,7790000000.0,52.77,3.468,"1.781 ",4.0,0.0,0.0,2.0,0.0,8.0,0.0,0.0,0.0,0.0,88.105298
24.35,C4H8O2,0.909,10.1,30.137,32.438,0.0013127,7790000000.0,52.77,3.49,"1.703 ",4.0,0.0,0.0,2.0,0.0,8.0,0.0,0.0,0.0,0.0,88.105298
32.92,C4H8O2,1.029,12.84,32.138,34.3,0.0010112,5900000000.0,46.62,3.017,"0.0 ",4.0,0.0,0.0,2.0,0.0,8.0,0.0,0.0,0.0,0.0,88.105298
68.03,C4H8O2,1.07,14.5,44.927,62.74,0.00079874,7780000000.0,53.48,3.516,"2.5 ",4.0,0.0,0.0,2.0,0.0,8.0,0.0,0.0,0.0,0.0,88.105298
23.21,C4H9Cl,0.88,10.313,29.856,30.729,0.0013451,7970000000.0,55.98,3.338,"2.051 ",4.0,0.0,1.0,0.0,0.0,9.0,0.0,0.0,0.0,0.0,92.567329
22.2,C4H9Cl,0.8719,6.79,29.098,28.971,0.0013473,7960000000.0,55.97,3.324,"2.0 ",4.0,0.0,1.0,0.0,0.0,9.0,0.0,0.0,0.0,0.0,92.567329
18.81,C4H9Cl,0.836,2.071,27.439,26.997,0.0013577,8180000000.0,56.58,3.152,"2.129 ",4.0,0.0,1.0,0.0,0.0,9.0,0.0,0.0,0.0,0.0,92.567329
32.76,C4H9N,0.86,8.58,30.793,34.016,0.0011647,6390000000.0,49.0,2.7,"1.58 ",4.0,0.0,0.0,0.0,0.0,9.0,1.0,0.0,0.0,0.0,71.121132
33.09,C4H9NO,0.937,10.418,38.198,40.643,0.00099761,8190000000.0,57.04,3.3680000000000003,"3.81 ",4.0,0.0,0.0,1.0,0.0,9.0,1.0,0.0,0.0,0.0,87.120537
48.0,C4H9NO,0.996,9.2,37.809,38.054,0.0010264,6990000000.0,52.7,3.042,"1.541 ",4.0,0.0,0.0,1.0,0.0,9.0,1.0,0.0,0.0,0.0,87.120537
11.87,C4H10,0.573,4.66,22.693,22.435,0.0020743,6940000000.0,47.8,2.886,"0.0 ",4.0,0.0,0.0,0.0,0.0,10.0,0.0,0.0,0.0,0.0,58.122370000000004
9.84,C4H10,0.552,4.54,21.664,21.396,0.0023453,6930000000.0,47.79,2.948,"0.132 ",4.0,0.0,0.0,0.0,0.0,10.0,0.0,0.0,0.0,0.0,58.122370000000004
25.01,C4H10O,0.806,9.28,33.676,43.237,0.0011814,7620000000.0,52.4,3.2510000000000003,"1.661 ",4.0,0.0,0.0,1.0,0.0,10.0,0.0,0.0,0.0,0.0,74.121775
22.58,C4H10O,0.797,6.32,32.75,47.688,0.0012325,7620000000.0,52.39,3.332,"1.64 ",4.0,0.0,0.0,1.0,0.0,10.0,0.0,0.0,0.0,0.0,74.121775
30.78,C4H10O,0.805,5.97,31.921,42.703,0.0012875,7620000000.0,52.39,3.2030000000000003,"1.661 ",4.0,0.0,0.0,1.0,0.0,10.0,0.0,0.0,0.0,0.0,74.121775
16.32,C4H10O,0.714,5.85,25.567,26.501,0.0017136,7530000000.0,51.49,3.125,"1.247 ",4.0,0.0,0.0,1.0,0.0,10.0,0.0,0.0,0.0,0.0,74.121775
16.65,C4H10O,0.708,7.19,25.918,27.087,0.0016676,7540000000.0,51.5,3.177,"1.151 ",4.0,0.0,0.0,1.0,0.0,10.0,0.0,0.0,0.0,0.0,74.121775
19.98,C4H10O2,0.865,12.556,30.606,31.903,0.001146,8140000000.0,55.2,3.3280000000000003,"1.71 ",4.0,0.0,0.0,2.0,0.0,10.0,0.0,0.0,0.0,0.0,90.12118000000001
46.47,C4H10O2,1.002,8.32,42.206,56.58,0.00092338,8310000000.0,56.99,3.455,"2.521 ",4.0,0.0,0.0,2.0,0.0,10.0,0.0,0.0,0.0,0.0,90.12118000000001
47.65,C4H10O2,1.013,18.7,44.443,62.43,0.00080175,8320000000.0,57.0,3.582,"3.93 ",4.0,0.0,0.0,2.0,0.0,10.0,0.0,0.0,0.0,0.0,90.12118000000001
40.37,C4H10O2,0.9871,11.3,39.869,51.742,0.00080518,8300000000.0,56.98,3.3710000000000004,"2.099 ",4.0,0.0,0.0,2.0,0.0,10.0,0.0,0.0,0.0,0.0,90.12118000000001
60.3,C4H10O3,1.114,16.4,45.972,56.723,0.00075924,8920000000.0,60.7,3.739,"2.521 ",4.0,0.0,0.0,3.0,0.0,10.0,0.0,0.0,0.0,0.0,106.120585
25.22,C4H10S,0.837,10.46,31.827,32.783,0.0011285,8454000000.0,59.17,3.4,"1.529 ",4.0,0.0,0.0,0.0,0.0,10.0,0.0,0.0,0.0,1.0,90.18717000000001
22.18,C4H10S,0.825,6.48,30.606,30.932,0.0011577,8450000000.0,59.16,3.362,"1.601 ",4.0,0.0,0.0,0.0,0.0,10.0,0.0,0.0,0.0,1.0,90.18717000000001
20.51,C4H10S,0.795,2.48,28.641,28.549,0.0011657,8450000000.0,59.15,3.185,"1.589 ",4.0,0.0,0.0,0.0,0.0,10.0,0.0,0.0,0.0,1.0,90.18717000000001
24.66,C4H10S,0.832,11.9,31.263,31.999,0.0011872,8240000000.0,58.6,3.212,"1.541 ",4.0,0.0,0.0,0.0,0.0,10.0,0.0,0.0,0.0,1.0,90.18717000000001
24.0,C4H11N,0.741,14.8,29.95,32.158,0.0012352,7910000000.0,54.9,3.289,"1.391 ",4.0,0.0,0.0,0.0,0.0,11.0,1.0,0.0,0.0,0.0,73.137014
21.7,C4H11N,0.73,9.99,29.014,30.725,0.0012913,7900000000.0,54.89,3.23,"1.270 ",4.0,0.0,0.0,0.0,0.0,11.0,1.0,0.0,0.0,0.0,73.137014
21.11,C4H11N,0.72,8.93,28.548,30.007,0.0013433,7900000000.0,54.89,3.201,"1.280 ",4.0,0.0,0.0,0.0,0.0,11.0,1.0,0.0,0.0,0.0,73.137014
16.86,C4H11N,0.688,0.882,26.873,27.607,0.0015595,8100000000.0,54.88,3.048,"1.290 ",4.0,0.0,0.0,0.0,0.0,11.0,1.0,0.0,0.0,0.0,73.137014
19.67,C4H11N,0.702,11.4,27.867,28.885,0.0015275,7930000000.0,55.88,3.172,"0.920 ",4.0,0.0,0.0,0.0,0.0,11.0,1.0,0.0,0.0,0.0,73.137014
30.14,C5Cl6,1.703,11.402,45.314,46.401,0.00075859,13860000000.0,96.81,5.31,"1.049 ",5.0,0.0,6.0,0.0,0.0,0.0,0.0,0.0,0.0,0.0,272.7711
43.01,C5H4O2,1.155,14.37,37.864,42.152,0.00085122,6120000000.0,47.26,3.35,"0.360 ",5.0,0.0,0.0,2.0,0.0,4.0,0.0,0.0,0.0,0.0,96.084274
36.72,C5H5N,0.979,8.28,33.477,35.77,0.0010169,6650000000.0,45.5,2.938,"2.191 ",5.0,0.0,0.0,0.0,0.0,5.0,1.0,0.0,0.0,0.0,79.100108
22.84,C5H6,0.797,8.01,26.502,25.76,0.0015491,5670000000.0,43.86,2.752,"0.419 ",5.0,0.0,0.0,0.0,0.0,6.0,0.0,0.0,0.0,0.0,66.101346
18.18,C5H6,0.699,9.09,25.696,25.084,0.0016649,7310000000.0,50.22,3.224,"0.549 ",5.0,0.0,0.0,0.0,0.0,6.0,0.0,0.0,0.0,0.0,66.101346
25.51,C5H6,0.734,10.546,28.24,27.88,0.0013462,7020000000.0,50.18,3.0860000000000003,"0.660 ",5.0,0.0,0.0,0.0,0.0,6.0,0.0,0.0,0.0,0.0,66.101346
68.25,C5H6N2,0.981,12.59,49.88,53.3,0.0007676,8430000000.0,60.09,3.972,"3.897 ",5.0,0.0,0.0,0.0,0.0,6.0,2.0,0.0,0.0,0.0,94.11475200000001
51.1,C5H6O2,1.127,13.13,38.719,48.62,0.00094629,6650000000.0,51.19,3.422,"1.919 ",5.0,0.0,0.0,2.0,0.0,6.0,0.0,0.0,0.0,0.0,98.100156
28.26,C5H7N,0.903,7.82,33.241,35.067,0.00092088,6670000000.0,51.88,3.082,"2.099 ",5.0,0.0,0.0,0.0,0.0,7.0,1.0,0.0,0.0,0.0,81.11599
35.55,C5H7NO2,1.058,11.78,42.418,64.124,0.00090662,9210000000.0,63.81,4.18,"2.170 ",5.0,0.0,0.0,2.0,0.0,7.0,1.0,0.0,0.0,0.0,113.1148
22.95,C5H8,0.767,3.36,26.78,27.6,0.0014797,6050000000.0,46.81,2.728,"0.200 ",5.0,0.0,0.0,0.0,0.0,8.0,0.0,0.0,0.0,0.0,68.117228
18.25,C5H8,0.675,4.92,25.853,26.066,0.001501,7530000000.0,51.03,3.213,"0.250 ",5.0,0.0,0.0,0.0,0.0,8.0,0.0,0.0,0.0,0.0,68.117228
19.87,C5H8,0.671,7.14,26.604,26.56900000000001,0.0015029,7220000000.0,51.02,3.087,"0.680 ",5.0,0.0,0.0,0.0,0.0,8.0,0.0,0.0,0.0,0.0,68.117228
16.01,C5H8,0.653,6.073,25.114,24.491,0.0015115,7230000000.0,51.05,3.049,"0.380 ",5.0,0.0,0.0,0.0,0.0,8.0,0.0,0.0,0.0,0.0,68.117228
18.79,C5H8,0.688,11.68,26.44,27.316,0.0016007,7540000000.0,53.73,3.115,"0.809 ",5.0,0.0,0.0,0.0,0.0,8.0,0.0,0.0,0.0,0.0,68.117228
32.93,C5H8O,0.945,11.4,34.925,37.62,0.00093166,7000000000.0,52.62,3.165,"3.238 ",5.0,0.0,0.0,1.0,0.0,8.0,0.0,0.0,0.0,0.0,84.11663300000001
26.6,C5H8O,0.846,3.511,31.841,32.655,0.0011851,8310000000.0,55.99,3.48,"2.740 ",5.0,0.0,0.0,1.0,0.0,8.0,0.0,0.0,0.0,0.0,84.11663300000001
30.45,C5H8O2,0.971,14.497,35.608,40.828,0.00093616,8790000000.0,60.97,4.017,"2.810 ",5.0,0.0,0.0,2.0,0.0,8.0,0.0,0.0,0.0,0.0,100.116038
26.53,C5H8O2,0.937,14.4,32.062,34.305,0.0013084,8910000000.0,59.49,3.62,"1.970 ",5.0,0.0,0.0,2.0,0.0,8.0,0.0,0.0,0.0,0.0,100.116038
21.71,C5H10,0.75,0.61,27.281,27.259,0.0013681,6750000000.0,49.69,2.85,"0.000 ",5.0,0.0,0.0,0.0,0.0,10.0,0.0,0.0,0.0,0.0,70.13311
15.46,C5H10,0.635,5.8820000000000014,25.576,25.705,0.0017017,7760000000.0,54.54,3.2310000000000003,"0.340 ",5.0,0.0,0.0,0.0,0.0,10.0,0.0,0.0,0.0,0.0,70.13311
14.78,C5H10,0.645,7.91,25.604,25.585,0.0016916,8060000000.0,54.52,3.287,"0.510 ",5.0,0.0,0.0,0.0,0.0,10.0,0.0,0.0,0.0,0.0,70.13311
13.8,C5H10,0.622,5.36,24.58,24.386,0.0018396,7750000000.0,54.53,3.272,"0.321 ",5.0,0.0,0.0,0.0,0.0,10.0,0.0,0.0,0.0,0.0,70.13311
17.06,C5H10,0.657,7.6,26.289,26.482,0.001673,8050000000.0,54.49,3.281,"0.339 ",5.0,0.0,0.0,0.0,0.0,10.0,0.0,0.0,0.0,0.0,70.13311
35.75,C5H10Cl2,1.096,17.1,39.633,40.974,0.00099173,10350000000.0,74.39,4.423,"2.359 ",5.0,0.0,2.0,0.0,0.0,10.0,0.0,0.0,0.0,0.0,141.03891
25.94,C5H10O,0.805,15.0,32.298,34.48,0.0011446,8540000000.0,59.5,3.516,"2.569 ",5.0,0.0,0.0,1.0,0.0,10.0,0.0,0.0,0.0,0.0,86.132515
23.26,C5H10O,0.802,10.63,32.204,33.468,0.0011199,8540000000.0,59.5,3.618,"2.770 ",5.0,0.0,0.0,1.0,0.0,10.0,0.0,0.0,0.0,0.0,86.132515
25.01,C5H10O,0.805,9.34,31.451,33.721,0.0011907,8530000000.0,59.49,3.465,"2.761 ",5.0,0.0,0.0,1.0,0.0,10.0,0.0,0.0,0.0,0.0,86.132515
24.56,C5H10O,0.81,11.59,32.204,33.571,0.001251,8540000000.0,59.5,3.583,"2.821 ",5.0,0.0,0.0,1.0,0.0,10.0,0.0,0.0,0.0,0.0,86.132515
26.81,C5H10O2,0.9376,14.16,40.189,48.54,0.00094424,9230000000.0,63.88,3.965,"1.610 ",5.0,0.0,0.0,2.0,0.0,10.0,0.0,0.0,0.0,0.0,102.13192000000001
25.04,C5H10O2,0.926,7.322,39.135,43.22,0.00089663,9220000000.0,63.87,3.762,"0.630 ",5.0,0.0,0.0,2.0,0.0,10.0,0.0,0.0,0.0,0.0,102.13192000000001
24.52,C5H10O2,0.887,13.9,32.647,35.97,0.0012796,9140000000.0,63.2,3.947,"2.030 ",5.0,0.0,0.0,2.0,0.0,10.0,0.0,0.0,0.0,0.0,102.13192000000001
23.21,C5H10O2,0.875,11.2,31.827,33.979,0.0012456,9130000000.0,63.19,4.294,"1.890 ",5.0,0.0,0.0,2.0,0.0,10.0,0.0,0.0,0.0,0.0,102.13192000000001
23.86,C5H10O2,0.883,11.2,32.175,34.471,0.0012411,9140000000.0,63.0,3.969,"1.790 ",5.0,0.0,0.0,2.0,0.0,10.0,0.0,0.0,0.0,0.0,102.13192000000001
22.3,C5H10O2,0.871,8.88,30.981,32.228,0.001333,9130000000.0,62.99,3.679,"1.751 ",5.0,0.0,0.0,2.0,0.0,10.0,0.0,0.0,0.0,0.0,102.13192000000001
23.75,C5H10O2,0.884,12.3,31.94,33.455,0.0012611,9140000000.0,63.0,3.934,"1.752 ",5.0,0.0,0.0,2.0,0.0,10.0,0.0,0.0,0.0,0.0,102.13192000000001
24.58,C5H10O2,0.893,11.5,32.204,33.298,0.0012143,9140000000.0,63.0,3.972,"1.721 ",5.0,0.0,0.0,2.0,0.0,10.0,0.0,0.0,0.0,0.0,102.13192000000001
24.94,C5H11Cl,0.878,12.903,32.769,32.601,0.0012211,9320000000.0,66.21,3.995,"2.159 ",5.0,0.0,1.0,0.0,0.0,11.0,0.0,0.0,0.0,0.0,106.593951
28.92,C5H11N,0.858,14.854,32.599,33.551,0.0010878,7740000000.0,59.23,3.122,"1.190 ",5.0,0.0,0.0,0.0,0.0,11.0,1.0,0.0,0.0,0.0,85.14775399999999
15.47,C5H12,0.621,8.401,26.058,25.99,0.0016505,8290000000.0,58.03,3.337,"0.0 ",5.0,0.0,0.0,0.0,0.0,12.0,0.0,0.0,0.0,0.0,72.14899199999999
14.45,C5H12,0.616,5.1560000000000015,25.297,24.793,0.0016911,8280000000.0,58.02,3.324,"0.13 ",5.0,0.0,0.0,0.0,0.0,12.0,0.0,0.0,0.0,0.0,72.14899199999999
11.28,C5H12,0.586,3.096,23.609,22.744,0.0019244,8480000000.0,58.01,3.161,"0.0 ",5.0,0.0,0.0,0.0,0.0,12.0,0.0,0.0,0.0,0.0,72.14899199999999
25.44,C5H12O,0.812,10.5,35.608,43.552,0.0010835,8980000000.0,62.63,3.679,"1.7 ",5.0,0.0,0.0,1.0,0.0,12.0,0.0,0.0,0.0,0.0,88.148397
23.58,C5H12O,0.805,8.48,33.808,39.805,0.001199,8970000000.0,62.62,3.619,"1.616 ",5.0,0.0,0.0,1.0,0.0,12.0,0.0,0.0,0.0,0.0,88.148397
29.37,C5H12O,0.818,9.08,33.43,30.041,0.0012063,8970000000.0,62.62,3.503,"1.64 ",5.0,0.0,0.0,1.0,0.0,12.0,0.0,0.0,0.0,0.0,88.148397
33.76,C5H12O,0.814,9.271,34.755,44.747,0.0011317,8970000000.0,62.62,3.612,"1.88 ",5.0,0.0,0.0,1.0,0.0,12.0,0.0,0.0,0.0,0.0,88.148397
23.78,C5H12O,0.812,6.61,34.944,45.775,0.0011249,8970000000.0,62.62,3.684,"1.7990000000000002 ",5.0,0.0,0.0,1.0,0.0,12.0,0.0,0.0,0.0,0.0,88.148397
30.2,C5H12O,0.814,5.747999999999998,33.147,43.205,0.0012163,8960000000.0,62.61,3.48,"1.817 ",5.0,0.0,0.0,1.0,0.0,12.0,0.0,0.0,0.0,0.0,88.148397
18.0,C5H12O,0.735,7.6,27.821,28.174,0.0014741,9080000000.0,61.71,3.179,"1.361 ",5.0,0.0,0.0,1.0,0.0,12.0,0.0,0.0,0.0,0.0,88.148397
19.28,C5H12O,0.724,8.39,28.622,35.522,0.0014478,8890000000.0,61.73,3.47,"1.16 ",5.0,0.0,0.0,1.0,0.0,12.0,0.0,0.0,0.0,0.0,88.148397
32.6,C5H12O2,0.906,11.4,36.74,41.96,0.0010378,9580000000.0,66.32,3.822,"2.1590000000000003 ",5.0,0.0,0.0,2.0,0.0,12.0,0.0,0.0,0.0,0.0,104.147802
46.32,C5H12O2,0.994,15.72,45.294,107.963,0.00077713,9670000000.0,67.23,4.03,"2.371 ",5.0,0.0,0.0,2.0,0.0,12.0,0.0,0.0,0.0,0.0,104.147802
26.02,C5H12S,0.838,17.53,34.489,35.178000000000004,0.0010811,9808000000.0,69.4,3.797,"1.511 ",5.0,0.0,0.0,0.0,0.0,12.0,0.0,0.0,0.0,1.0,104.213792
24.68,C5H13N,0.751,17.6,32.204,34.963,0.0011482,9260000000.0,65.15,3.641,"1.55 ",5.0,0.0,0.0,0.0,0.0,13.0,1.0,0.0,0.0,0.0,87.163636
21.6,C6F6,1.606,11.59,30.324,31.689,0.001388,7860000000.0,63.24,4.706,"0.33 ",6.0,0.0,0.0,0.0,6.0,0.0,0.0,0.0,0.0,0.0,186.054858978
40.58,C6H3Cl3,1.449,15.565,42.851,44.108,0.00080299,12330000000.0,100.98,4.832,"1.26 ",6.0,0.0,3.0,0.0,0.0,3.0,0.0,0.0,0.0,0.0,181.44696299999998
38.09,C6H4Cl2,1.301,12.922,39.681,39.936,0.00077715,8220000000.0,67.3,4.186,"2.5 ",6.0,0.0,2.0,0.0,0.0,4.0,0.0,0.0,0.0,0.0,147.002004
35.88,C6H4Cl2,1.283,12.59,38.963,38.99,0.00082162,8220000000.0,67.32,4.388999999999999,"1.721 ",6.0,0.0,2.0,0.0,0.0,4.0,0.0,0.0,0.0,0.0,147.002004
32.93,C6H5Cl,1.106,9.556,35.053,35.82,0.00094672,7140000000.0,57.84,3.603,"1.6909999999999998 ",6.0,0.0,1.0,0.0,0.0,5.0,0.0,0.0,0.0,0.0,112.557045
40.5,C6H5ClO,1.255,12.523,38.231,40.124,0.00087536,7870000000.0,63.36,3.837,"1.331 ",6.0,0.0,1.0,1.0,0.0,5.0,0.0,0.0,0.0,0.0,128.55644999999998
26.82,C6H5F,1.019,11.305,30.606,31.376,0.0011432,6310000000.0,50.84,3.345,"1.6 ",6.0,0.0,0.0,0.0,1.0,5.0,0.0,0.0,0.0,0.0,96.102548163
39.01,C6H5I,1.826,9.749,40.443,40.503,0.00077321,7720000000.0,64.68,3.359,"1.7 ",6.0,0.0,0.0,0.0,0.0,5.0,0.0,1.0,0.0,0.0,204.00861500000002
43.23,C6H5NO2,1.199,10.815,42.591,44.079,0.00080932,7760000000.0,61.84,3.944,"0.423 ",6.0,0.0,0.0,2.0,0.0,5.0,1.0,0.0,0.0,0.0,123.109658
28.21,C6H6,0.873,9.866,30.158,30.746,0.0011381,6000000000.0,48.4,3.004,"0.0 ",6.0,0.0,0.0,0.0,0.0,6.0,0.0,0.0,0.0,0.0,78.112086
48.54,C6H6ClN,1.211,10.152,44.443,46.141,0.00078229,9090000000.0,66.44,4.092,"2.94 ",6.0,0.0,1.0,0.0,0.0,6.0,1.0,0.0,0.0,0.0,127.571689
44.01,C6H6ClN,1.1531,11.883,42.398,46.495,0.00080281,9090000000.0,66.44,3.934,"1.77 ",6.0,0.0,1.0,0.0,0.0,6.0,1.0,0.0,0.0,0.0,127.571689
38.54,C6H6S,1.073,11.447,38.552,39.569,0.00077715,8650000000.0,60.65,3.608,"1.229 ",6.0,0.0,0.0,0.0,0.0,6.0,0.0,0.0,0.0,1.0,110.176886
42.38,C6H7N,1.018,10.54,39.997,44.221,0.00081623,7040000000.0,56.38,3.4360000000000004,"1.529 ",6.0,0.0,0.0,0.0,0.0,7.0,1.0,0.0,0.0,0.0,93.12673000000001
33.62,C6H7N,0.94,9.724,34.755,36.132,0.0010781,8120000000.0,56.67,3.365,"2.039 ",6.0,0.0,0.0,0.0,0.0,7.0,1.0,0.0,0.0,0.0,93.12673000000001
35.04,C6H7N,0.952,14.18,36.179,37.315,0.00098268,8120000000.0,56.67,3.401,"2.401 ",6.0,0.0,0.0,0.0,0.0,7.0,1.0,0.0,0.0,0.0,93.12673000000001
35.43,C6H7N,0.95,12.582,36.274,37.864,0.00098655,8120000000.0,56.67,3.409,"2.581 ",6.0,0.0,0.0,0.0,0.0,7.0,1.0,0.0,0.0,0.0,93.12673000000001
26.66,C6H8,0.837,4.205,30.231,30.591,0.0012702,7020000000.0,54.09,2.835,"0.441 ",6.0,0.0,0.0,0.0,0.0,8.0,0.0,0.0,0.0,0.0,80.12796800000001
62.58,C6H8N2,0.96,23.076,50.758,57.539,0.00075863,9780000000.0,70.32,3.979,"3.747 ",6.0,0.0,0.0,0.0,0.0,8.0,2.0,0.0,0.0,0.0,108.14137400000001
42.49,C6H8N2,1.094,16.43,45.362,52.61,0.00089005,8740000000.0,65.98,3.776,"1.670 ",6.0,0.0,0.0,0.0,0.0,8.0,2.0,0.0,0.0,0.0,108.14137400000001
38.4,C6H8O4,1.148,14.64,42.028,47.099,0.00088422,10800000000.0,74.68,4.952,"2.479 ",6.0,0.0,0.0,4.0,0.0,8.0,0.0,0.0,0.0,0.0,144.125588
26.09,C6H10,0.806,3.284,30.429,31.11,0.0011631,7400000000.0,57.04,3.157,"0.330 ",6.0,0.0,0.0,0.0,0.0,10.0,0.0,0.0,0.0,0.0,82.14385
22.33,C6H10,0.719,11.7,29.22,30.507,0.0012788,8560000000.0,61.22,3.765,"0.309 ",6.0,0.0,0.0,0.0,0.0,10.0,0.0,0.0,0.0,0.0,82.14385
24.97,C6H10,0.71,11.7,30.324,30.677,0.0012822,8560000000.0,61.22,3.525,"0.309 ",6.0,0.0,0.0,0.0,0.0,10.0,0.0,0.0,0.0,0.0,82.14385
22.19,C6H10,0.723,6.1160000000000005,29.108,28.911,0.0012774,9180000000.0,61.24,3.57,"0.510 ",6.0,0.0,0.0,0.0,0.0,10.0,0.0,0.0,0.0,0.0,82.14385
20.98,C6H10,0.712,14.27,29.34,30.446,0.0013692,8890000000.0,63.96,3.691,"0.830 ",6.0,0.0,0.0,0.0,0.0,10.0,0.0,0.0,0.0,0.0,82.14385
34.37,C6H10O,0.9478,1.328,37.226,37.097,0.00083195,8350000000.0,62.85,3.511,"3.088 ",6.0,0.0,0.0,1.0,0.0,10.0,0.0,0.0,0.0,0.0,98.14325500000001
26.07,C6H10O2,1.067,13.82,37.112,44.21,0.00071966,8950000000.0,66.55,3.462,"4.450 ",6.0,0.0,0.0,2.0,0.0,10.0,0.0,0.0,0.0,0.0,114.14266
31.79,C6H10O3,1.023,17.264,39.705,43.609,0.00093027,10740000000.0,74.7,4.405,"2.960 ",6.0,0.0,0.0,3.0,0.0,10.0,0.0,0.0,0.0,0.0,130.142065
34.65,C6H10O4,1.101,20.034,40.635,45.368,0.00091976,11340000000.0,78.2,4.867,"2.340 ",6.0,0.0,0.0,4.0,0.0,10.0,0.0,0.0,0.0,0.0,146.14147
21.65,C6H12,0.745,6.93,29.388,29.337,0.0012637,8090000000.0,60.17,3.299,"0.000 ",6.0,0.0,0.0,0.0,0.0,12.0,0.0,0.0,0.0,0.0,84.159732
24.65,C6H12,0.773,2.68,30.221,29.889,0.0011622,8100000000.0,61.4,3.242,"0.609 ",6.0,0.0,0.0,0.0,0.0,12.0,0.0,0.0,0.0,0.0,84.159732
17.89,C6H12,0.667,9.347,28.641,28.642,0.0014357,9110000000.0,64.77,3.66,"0.339 ",6.0,0.0,0.0,0.0,0.0,12.0,0.0,0.0,0.0,0.0,84.159732
18.45,C6H12,0.673,8.255,29.016,29.097,0.0014579,9100000000.0,64.74,3.616,"0.000 ",6.0,0.0,0.0,0.0,0.0,12.0,0.0,0.0,0.0,0.0,84.159732
18.23,C6H12,0.675,8.247,28.884,28.884,0.0014571,9100000000.0,64.74,3.649,"0.339 ",6.0,0.0,0.0,0.0,0.0,12.0,0.0,0.0,0.0,0.0,84.159732
18.28,C6H12,0.673,11.08,28.94,29.104,0.0014579,9100000000.0,64.74,3.649,"0.000 ",6.0,0.0,0.0,0.0,0.0,12.0,0.0,0.0,0.0,0.0,84.159732
16.11,C6H12,0.673,5.448,27.873,27.472,0.0014579,9400000000.0,64.74,3.628,"0.000 ",6.0,0.0,0.0,0.0,0.0,12.0,0.0,0.0,0.0,0.0,84.159732
20.65,C6H12,0.703,6.44,29.514,29.408,0.0014459,9700000000.0,64.7,3.577,"0.000 ",6.0,0.0,0.0,0.0,0.0,12.0,0.0,0.0,0.0,0.0,84.159732
13.12,C6H12,0.648,1.096,26.538,25.925,0.0014683,9300000000.0,64.75,3.341,"0.000 ",6.0,0.0,0.0,0.0,0.0,12.0,0.0,0.0,0.0,0.0,84.159732
18.2,C6H12,0.685,7.572999999999999,28.718,28.348,0.001453,9410000000.0,64.75,3.625,"0.000 ",6.0,0.0,0.0,0.0,0.0,12.0,0.0,0.0,0.0,0.0,84.159732
21.05,C6H12O,0.774,13.8,31.451,32.896,0.0012712,9710000000.0,68.47,3.806,"1.250 ",6.0,0.0,0.0,1.0,0.0,12.0,0.0,0.0,0.0,0.0,100.159137
33.42,C6H12O,0.96,1.783,37.702,40.259,0.00090413,8780000000.0,64.84,3.6010000000000004,"1.859 ",6.0,0.0,0.0,1.0,0.0,12.0,0.0,0.0,0.0,0.0,100.159137
27.91,C6H12O,0.81,13.33,34.755,36.542,0.0010748,9890000000.0,69.7,3.924,"2.578 ",6.0,0.0,0.0,1.0,0.0,12.0,0.0,0.0,0.0,0.0,100.159137
25.28,C6H12O,0.807,14.9,34.565,36.624,0.0010993,9890000000.0,69.73,4.093,"2.680 ",6.0,0.0,0.0,1.0,0.0,12.0,0.0,0.0,0.0,0.0,100.159137
24.99,C6H12O,0.81,13.49,34.186,35.316,0.0011215,8540000000.0,69.73,4.009,"2.869 ",6.0,0.0,0.0,1.0,0.0,12.0,0.0,0.0,0.0,0.0,100.159137
24.26,C6H12O,0.807,10.309,33.619,33.939,0.0010887,9880000000.0,69.72,3.828,"2.773 ",6.0,0.0,0.0,1.0,0.0,12.0,0.0,0.0,0.0,0.0,100.159137
23.77,C6H12O,0.806,10.309,33.43,33.843,0.001089,9880000000.0,69.72,3.892,"3.118 ",6.0,0.0,0.0,1.0,0.0,12.0,0.0,0.0,0.0,0.0,100.159137
40.74,C6H12O2,0.9247,15.062,41.917,52.122,0.00093922,10580000000.0,74.33,4.404,"1.571 ",6.0,0.0,0.0,2.0,0.0,12.0,0.0,0.0,0.0,0.0,116.15854200000001
25.54,C6H12O2,0.881,17.347,34.376,39.436,0.001146,10490000000.0,73.43,4.159,"1.901 ",6.0,0.0,0.0,2.0,0.0,12.0,0.0,0.0,0.0,0.0,116.15854200000001
24.78,C6H12O2,0.876,14.59,34.47,36.511,0.0011497,10490000000.0,73.23,4.261,"1.841 ",6.0,0.0,0.0,2.0,0.0,12.0,0.0,0.0,0.0,0.0,116.15854200000001
23.06,C6H12O2,0.868,12.142,33.147,34.683,0.0011982,10480000000.0,73.22,4.055,"1.859 ",6.0,0.0,0.0,2.0,0.0,12.0,0.0,0.0,0.0,0.0,116.15854200000001
22.97,C6H12O2,0.869,12.4,33.619,35.877,0.0012153,10480000000.0,73.22,4.276,"1.871 ",6.0,0.0,0.0,2.0,0.0,12.0,0.0,0.0,0.0,0.0,116.15854200000001
22.49,C6H12O2,0.861,8.251,31.799,32.577,0.0011999,10700000000.0,73.2,3.845,"1.919 ",6.0,0.0,0.0,2.0,0.0,12.0,0.0,0.0,0.0,0.0,116.15854200000001
24.19,C6H12O2,0.877,15.0,34.186,35.656,0.0011784,10490000000.0,73.23,4.311,"1.790 ",6.0,0.0,0.0,2.0,0.0,12.0,0.0,0.0,0.0,0.0,116.15854200000001
23.94,C6H12O2,0.874,12.5,33.997,35.109,0.0011687,10490000000.0,73.43,4.298,"1.811 ",6.0,0.0,0.0,2.0,0.0,12.0,0.0,0.0,0.0,0.0,116.15854200000001
22.7,C6H12O2,0.863,12.142,32.996,34.238,0.0012534,10500000000.0,73.2,4.211,"2.070 ",6.0,0.0,0.0,2.0,0.0,12.0,0.0,0.0,0.0,0.0,116.15854200000001
35.8,C6H12O2,0.934,6.04,38.48,44.57,0.0010536,10770000000.0,74.31,3.905,"3.238 ",6.0,0.0,0.0,2.0,0.0,12.0,0.0,0.0,0.0,0.0,116.15854200000001
31.08,C6H12O3,0.97,17.2,37.391,40.384,0.0011103,10900000000.0,76.93,4.664,"2.250 ",6.0,0.0,0.0,3.0,0.0,12.0,0.0,0.0,0.0,0.0,132.157947
25.61,C6H12O3,0.985,13.52,34.295,37.72,0.0010181,9870000000.0,72.45,4.166,"1.430 ",6.0,0.0,0.0,3.0,0.0,12.0,0.0,0.0,0.0,0.0,132.157947
31.08,C6H13N,0.863,13.7,35.229,36.167,0.00091486,8490000000.0,66.2,3.539,"1.31 ",6.0,0.0,0.0,0.0,0.0,13.0,1.0,0.0,0.0,0.0,99.174376
17.98,C6H14,0.656,13.079,29.095,29.107,0.0014162,9640000000.0,68.26,3.769,"0.0 ",6.0,0.0,0.0,0.0,0.0,14.0,0.0,0.0,0.0,0.0,86.17561400000001
16.87,C6H14,0.648,6.268,28.302,27.942,0.0014573,9630000000.0,68.25,3.784,"0.0 ",6.0,0.0,0.0,0.0,0.0,14.0,0.0,0.0,0.0,0.0,86.17561400000001
17.58,C6H14,0.66,5.303,28.587,28.262,0.0014291,9630000000.0,68.25,3.695,"0.0 ",6.0,0.0,0.0,0.0,0.0,14.0,0.0,0.0,0.0,0.0,86.17561400000001
15.8,C6H14,0.644,0.579,27.326,26.416,0.0014732,9830000000.0,68.24,3.4760000000000004,"0.0 ",6.0,0.0,0.0,0.0,0.0,14.0,0.0,0.0,0.0,0.0,86.17561400000001
16.87,C6H14,0.658,0.79,28.094,27.488,0.0014352,9620000000.0,68.24,3.636,"0.0 ",6.0,0.0,0.0,0.0,0.0,14.0,0.0,0.0,0.0,0.0,86.17561400000001
33.22,C6H14O,0.816,15.38,37.416,45.925,0.0010328,10330000000.0,72.86,4.144,"1.649 ",6.0,0.0,0.0,1.0,0.0,14.0,0.0,0.0,0.0,0.0,102.175019
29.68,C6H14O,0.81,11.861,35.608,42.932,0.0011053,10320000000.0,72.85,3.787,"1.541 ",6.0,0.0,0.0,1.0,0.0,14.0,0.0,0.0,0.0,0.0,102.175019
31.59,C6H14O,0.827,11.861,36.559,42.879,0.0010491,10320000000.0,72.85,3.967,"1.481 ",6.0,0.0,0.0,1.0,0.0,14.0,0.0,0.0,0.0,0.0,102.175019
27.34,C6H14O,0.805,8.338,35.039,54.078,0.0011686,10310000000.0,72.84,3.843,"1.7 ",6.0,0.0,0.0,1.0,0.0,14.0,0.0,0.0,0.0,0.0,102.175019
20.16,C6H14O,0.745,12.5,31.235,31.593000000000004,0.0013206,10240000000.0,71.96,3.932,"1.22 ",6.0,0.0,0.0,1.0,0.0,14.0,0.0,0.0,0.0,0.0,102.175019
19.98,C6H14O,0.741,10.77,31.075,32.206,0.001296,10220000000.0,71.96,3.914,"1.211 ",6.0,0.0,0.0,1.0,0.0,14.0,0.0,0.0,0.0,0.0,102.175019
17.26,C6H14O,0.721,12.035,29.052,29.58,0.001418,10220000000.0,71.94,3.906,"1.13 ",6.0,0.0,0.0,1.0,0.0,14.0,0.0,0.0,0.0,0.0,102.175019
26.55,C6H14O2,0.896,19.1,38.772,46.153,0.00099286,10930000000.0,76.56,4.192,"2.081 ",6.0,0.0,0.0,2.0,0.0,14.0,0.0,0.0,0.0,0.0,118.174424
26.55,C6H14O2,0.918,16.0,41.36,61.38800000000001,0.00076382,9740000000.0,69.39,3.918,"2.86 ",6.0,0.0,0.0,2.0,0.0,14.0,0.0,0.0,0.0,0.0,118.174424
30.1,C6H14O3,0.942,17.8,37.912,41.232,0.0010015,11440000000.0,79.36,4.413,"1.97 ",6.0,0.0,0.0,3.0,0.0,14.0,0.0,0.0,0.0,0.0,134.173829
36.82,C6H14O3,0.984,16.3,41.73,46.729,0.00092805,11530000000.0,80.26,4.433,"2.779 ",6.0,0.0,0.0,3.0,0.0,14.0,0.0,0.0,0.0,0.0,134.173829
51.02,C6H14O4,1.122,31.2,49.777,64.238,0.00053223,12200000000.0,84.86,4.71,"5.58 ",6.0,0.0,0.0,4.0,0.0,14.0,0.0,0.0,0.0,0.0,150.173234
27.5,C6H14S,0.837,18.012,36.864,37.812,0.001024,11200000000.0,79.63,4.252,"1.529 ",6.0,0.0,0.0,0.0,0.0,14.0,0.0,0.0,0.0,1.0,118.240414
25.76,C6H15N,0.761,21.2,34.849,37.53,0.0010507,10610000000.0,75.36,4.073,"1.589 ",6.0,0.0,0.0,0.0,0.0,15.0,1.0,0.0,0.0,0.0,101.190258
22.22,C6H15N,0.737,14.5,32.958,35.142,0.0012213,10630000000.0,76.34,3.976,"1.07 ",6.0,0.0,0.0,0.0,0.0,15.0,1.0,0.0,0.0,0.0,101.190258
20.24,C6H15N,0.724,14.317,31.009,30.888,0.0012371,10640000000.0,76.03,3.73,"0.66 ",6.0,0.0,0.0,0.0,0.0,15.0,1.0,0.0,0.0,0.0,101.190258
43.63,C6H15NO3,1.12,27.191,48.343,70.685,0.00054319,12710000000.0,89.83,5.218999999999999,"1.079 ",6.0,0.0,0.0,3.0,0.0,15.0,1.0,0.0,0.0,0.0,149.188473
36.93,C7H5Cl3,1.369,13.95,44.477,41.06,0.00078031,10790000000.0,85.89,4.579,"2.04 ",7.0,0.0,3.0,0.0,0.0,5.0,0.0,0.0,0.0,0.0,195.473585
25.69,C7H5F3,1.178,13.782,32.204,32.89,0.0010524,8780000000.0,67.17,4.1610000000000005,"2.86 ",7.0,0.0,0.0,0.0,3.0,5.0,0.0,0.0,0.0,0.0,146.110094489
38.79,C7H5N,1.001,10.98,40.668,42.533,0.00079185,7520000000.0,60.54,3.8,"4.167 ",7.0,0.0,0.0,0.0,0.0,5.0,1.0,0.0,0.0,0.0,103.121588
38.27,C7H6O,1.04,9.32,39.518,42.13,0.0008318,7700000000.0,60.98,3.751,"3.208 ",7.0,0.0,0.0,1.0,0.0,6.0,0.0,0.0,0.0,0.0,106.122231
36.86,C7H7Cl,1.097,10.214,39.518,40.578,0.00090434,8450000000.0,67.69,4.027,"1.89 ",7.0,0.0,1.0,0.0,0.0,7.0,0.0,0.0,0.0,0.0,126.583667
34.7,C7H7Cl,1.082,8.37,37.526,38.35,0.00090658,8530000000.0,68.99,3.981,"1.5590000000000002 ",7.0,0.0,1.0,0.0,0.0,7.0,0.0,0.0,0.0,0.0,126.583667
31.23,C7H7Cl,1.063,13.55,37.893,38.947,0.00090947,8530000000.0,68.99,3.972,"2.209 ",7.0,0.0,1.0,0.0,0.0,7.0,0.0,0.0,0.0,0.0,126.583667
40.55,C7H7NO2,1.152,19.2,44.492,45.51,0.00078295,9180000000.0,72.99,4.468,"4.227 ",7.0,0.0,0.0,2.0,0.0,7.0,1.0,0.0,0.0,0.0,137.13628
41.14,C7H7NO2,1.158,11.476,43.748,46.01,0.00078229,9180000000.0,72.99,4.309,"3.750 ",7.0,0.0,0.0,2.0,0.0,7.0,1.0,0.0,0.0,0.0,137.13628
27.93,C7H8,0.865,6.62,33.029,33.594,0.0010582,7420000000.0,59.51,3.472,"0.360 ",7.0,0.0,0.0,0.0,0.0,8.0,0.0,0.0,0.0,0.0,92.13870800000001
34.96,C7H8O,0.99,12.89,37.105,39.307,0.00092643,7930000000.0,62.41,3.719,"1.361 ",7.0,0.0,0.0,1.0,0.0,8.0,0.0,0.0,0.0,0.0,108.138113
36.79,C7H8O,1.041,8.79,42.013,51.66,0.00079275,8110000000.0,64.11,3.813,"1.709 ",7.0,0.0,0.0,1.0,0.0,8.0,0.0,0.0,0.0,0.0,108.138113
35.76,C7H8O,1.03,10.707,41.744,48.678,0.00076326,8180000000.0,65.03,3.87,"1.589 ",7.0,0.0,0.0,1.0,0.0,8.0,0.0,0.0,0.0,0.0,108.138113
39.11,C7H9N,0.981,13.4,40.107,43.871,0.00038328,8400000000.0,66.6,3.837,"1.379 ",7.0,0.0,0.0,0.0,0.0,9.0,1.0,0.0,0.0,0.0,107.15335200000001
36.9,C7H9N,0.982,9.52,41.052,45.328,0.00082778,8320000000.0,66.79,3.782,"1.691 ",7.0,0.0,0.0,0.0,0.0,9.0,1.0,0.0,0.0,0.0,107.15335200000001
39.97,C7H9N,0.994,11.66,41.533,45.176,0.0008447,8460000000.0,67.53,3.774,"1.601 ",7.0,0.0,0.0,0.0,0.0,9.0,1.0,0.0,0.0,0.0,107.15335200000001
26.18,C7H12O2,0.897,13.452,36.536,37.627,0.0011558,11610000000.0,79.95,4.631,"2.120 ",7.0,0.0,0.0,2.0,0.0,12.0,0.0,0.0,0.0,0.0,128.169282
23.33,C7H14,0.763,6.87,32.354,32.246,0.0011262,9440000000.0,70.4,3.734,"0.000 ",7.0,0.0,0.0,0.0,0.0,14.0,0.0,0.0,0.0,0.0,98.18635400000001
21.2,C7H14,0.75,1.079,30.878,35.636,0.0011614,9070000000.0,70.45,3.43,"0.000 ",7.0,0.0,0.0,0.0,0.0,14.0,0.0,0.0,0.0,0.0,98.18635400000001
22.97,C7H14,0.768,1.66,31.968,31.712,0.0011371,9430000000.0,71.59,3.617,"0.000 ",7.0,0.0,0.0,0.0,0.0,14.0,0.0,0.0,0.0,0.0,98.18635400000001
22.22,C7H14,0.747,7.398,31.263,31.196,0.0011289,9430000000.0,71.59,3.607,"0.000 ",7.0,0.0,0.0,0.0,0.0,14.0,0.0,0.0,0.0,0.0,98.18635400000001
22.16,C7H14,0.74,7.397,31.169,30.755,0.0011278,8860000000.0,704.5,3.633,"0.000 ",7.0,0.0,0.0,0.0,0.0,14.0,0.0,0.0,0.0,0.0,98.18635400000001
19.86,C7H14,0.744,7.4,31.169,31.37,0.0011542,8860000000.0,70.45,3.644,"0.000 ",7.0,0.0,0.0,0.0,0.0,14.0,0.0,0.0,0.0,0.0,98.18635400000001
23.3,C7H14,0.766,6.75,32.109,31.823,0.0011027,8870000000.0,70.46,3.643,"0.000 ",7.0,0.0,0.0,0.0,0.0,14.0,0.0,0.0,0.0,0.0,98.18635400000001
26.99,C7H14,0.806,1.88,33.802,33.547,0.00099322,9450000000.0,71.61,3.555,"0.000 ",7.0,0.0,0.0,0.0,0.0,14.0,0.0,0.0,0.0,0.0,98.18635400000001
19.81,C7H14,0.693,12.401,31.431,31.739,0.0012665,10460000000.0,75.0,4.083,"0.339 ",7.0,0.0,0.0,0.0,0.0,14.0,0.0,0.0,0.0,0.0,98.18635400000001
19.96,C7H14,0.704,11.296,31.465,31.328,0.0012879,10760000000.0,74.98,4.181,"0.000 ",7.0,0.0,0.0,0.0,0.0,14.0,0.0,0.0,0.0,0.0,98.18635400000001
17.61,C7H14,0.692,5.02,30.536,30.675,0.001292,10450000000.0,74.99,3.95,"0.000 ",7.0,0.0,0.0,0.0,0.0,14.0,0.0,0.0,0.0,0.0,98.18635400000001
16.76,C7H14,0.701,0.79,29.95,29.291,0.0012889,10950000000.0,74.96,3.584,"0.000 ",7.0,0.0,0.0,0.0,0.0,14.0,0.0,0.0,0.0,0.0,98.18635400000001
27.75,C7H14O2,0.9179,15.13,43.651,51.731,0.00089961,11930000000.0,84.34,4.842,"1.679 ",7.0,0.0,0.0,2.0,0.0,14.0,0.0,0.0,0.0,0.0,130.185164
25.1,C7H14O2,0.872,16.5,36.464,38.54,0.0010788,11840000000.0,83.46,4.772,"1.721 ",7.0,0.0,0.0,2.0,0.0,14.0,0.0,0.0,0.0,0.0,130.185164
24.83,C7H14O2,0.872,17.2,36.369,38.663,0.0010981,11840000000.0,83.46,4.822,"1.800 ",7.0,0.0,0.0,2.0,0.0,14.0,0.0,0.0,0.0,0.0,130.185164
24.55,C7H14O2,0.868,17.8,36.083,37.487,0.0011023,11840000000.0,83.66,4.832,"1.750 ",7.0,0.0,0.0,2.0,0.0,14.0,0.0,0.0,0.0,0.0,130.185164
23.24,C7H14O2,0.865,14.732,35.058,36.614,0.0011249,11830000000.0,83.45,4.481,"1.970 ",7.0,0.0,0.0,2.0,0.0,14.0,0.0,0.0,0.0,0.0,130.185164
19.78,C7H16,0.682,14.053,31.877,31.731,0.0012621,10990000000.0,78.49,4.173,"0.000 ",7.0,0.0,0.0,0.0,0.0,16.0,0.0,0.0,0.0,0.0,100.202236
19.3,C7H16,0.684,9.46,31.263,31.19,0.0012227,10980000000.0,78.48,4.078,"0.000 ",7.0,0.0,0.0,0.0,0.0,16.0,0.0,0.0,0.0,0.0,100.202236
17.53,C7H16,0.673,5.82,30.075,29.262,0.0013203,11180000000.0,78.47,3.922,"0.0 ",7.0,0.0,0.0,0.0,0.0,16.0,0.0,0.0,0.0,0.0,100.202236
19.47,C7H16,0.691,6.84,31.068,30.492,0.0011911,10970000000.0,78.47,3.917,"0.0 ",7.0,0.0,0.0,0.0,0.0,16.0,0.0,0.0,0.0,0.0,100.202236
17.64,C7H16,0.668,6.85,30.197,29.796,0.001321,10970000000.0,78.47,3.931,"0.0 ",7.0,0.0,0.0,0.0,0.0,16.0,0.0,0.0,0.0,0.0,100.202236
19.07,C7H16,0.687,6.85,30.719,29.737,0.0012511,11180000000.0,78.47,3.768,"0.0 ",7.0,0.0,0.0,0.0,0.0,16.0,0.0,0.0,0.0,0.0,100.202236
18.28,C7H16,0.687,2.201,30.233,28.978,0.0012308,11170000000.0,78.46,3.96,"0.0 ",7.0,0.0,0.0,0.0,0.0,16.0,0.0,0.0,0.0,0.0,100.202236
21.31,C7H16,0.695,9.55,31.415,31.007,0.0012411,10980000000.0,78.48,3.943,"0.000 ",7.0,0.0,0.0,0.0,0.0,16.0,0.0,0.0,0.0,0.0,100.202236
31.95,C7H16O,0.82,18.175,39.135,45.769,0.00095812,11680000000.0,83.09,4.38,"1.739 ",7.0,0.0,0.0,1.0,0.0,16.0,0.0,0.0,0.0,0.0,116.201641
30.14,C7H16O,0.814,14.451,37.607,30.501,0.0010411,11670000000.0,83.08,4.4830000000000005,"1.73 ",7.0,0.0,0.0,1.0,0.0,16.0,0.0,0.0,0.0,0.0,116.201641
20.56,C7H16O,0.735,12.1,33.661,31.795,0.0012287,11570000000.0,82.17,4.333,"1.28 ",7.0,0.0,0.0,1.0,0.0,16.0,0.0,0.0,0.0,0.0,116.201641
27.26,C7H16S,0.839,25.384,39.346,40.389,0.00097729,12540000000.0,89.86,4.642,"1.55 ",7.0,0.0,0.0,0.0,0.0,16.0,0.0,0.0,0.0,1.0,132.26703600000002
24.02,C7H17N,0.772,29.4,37.321,40.145,0.00097746,11960000000.0,85.59,4.423,"1.6 ",7.0,0.0,0.0,0.0,0.0,17.0,1.0,0.0,0.0,0.0,115.21688
32.0,C8H8,0.9,10.95,36.369,42.92,0.00092044,8270000000.0,66.25,3.81,"0.13 ",8.0,0.0,0.0,0.0,0.0,8.0,0.0,0.0,0.0,0.0,104.149448
37.27,C8H8O2,1.085,13.9,41.499,44.023,0.00090122,9530000000.0,73.91,4.362,"2.53 ",8.0,0.0,0.0,2.0,0.0,8.0,0.0,0.0,0.0,0.0,136.148258
28.59,C8H10,0.865,9.18,35.452,35.915,0.00099795,8800000000.0,69.74,3.897,"0.6 ",8.0,0.0,0.0,0.0,0.0,10.0,0.0,0.0,0.0,0.0,106.16533
29.6,C8H10,0.876,13.6,36.234,37.005,0.00096006,8840000000.0,70.66,3.836,"0.63 ",8.0,0.0,0.0,0.0,0.0,10.0,0.0,0.0,0.0,0.0,106.16533
28.26,C8H10,0.861,11.569,35.729,36.334,0.00099666,8840000000.0,70.66,3.937,"0.3 ",8.0,0.0,0.0,0.0,0.0,10.0,0.0,0.0,0.0,0.0,106.16533
27.92,C8H10,0.858,16.933,35.657,35.821,0.0010032,8840000000.0,70.66,3.831,"0.0 ",8.0,0.0,0.0,0.0,0.0,10.0,0.0,0.0,0.0,0.0,106.16533
32.47,C8H10O,0.961,11.6,38.695,41.021,0.00091771,9280000000.0,72.64,4.174,"1.409 ",8.0,0.0,0.0,1.0,0.0,10.0,0.0,0.0,0.0,0.0,122.16473500000001
32.45,C8H10O,1.015,12.84,42.591,48.77,0.00073274,9330000000.0,73.78,4.143,"1.391 ",8.0,0.0,0.0,1.0,0.0,10.0,0.0,0.0,0.0,0.0,122.16473500000001
35.95,C8H11N,0.949,11.56,40.86,42.832,0.00088152,9680000000.0,76.71,4.0760000000000005,"1.679 ",8.0,0.0,0.0,0.0,0.0,11.0,1.0,0.0,0.0,0.0,121.179974
35.64,C8H11N,0.977,12.2,42.466,46.788,0.00077038,9810000000.0,77.76,4.157,"1.055 ",8.0,0.0,0.0,0.0,0.0,11.0,1.0,0.0,0.0,0.0,121.179974
25.59,C8H11N,0.913,9.54,38.753,39.511,0.00091641,11070000000.0,78.95,4.306,"2.039 ",8.0,0.0,0.0,0.0,0.0,11.0,1.0,0.0,0.0,0.0,121.179974
30.04,C8H12S,0.9967,14.9,39.8,41.113,0.00086414,11190000000.0,86.96,4.301,"0.222 ",8.0,0.0,0.0,0.0,0.0,12.0,0.0,0.0,0.0,1.0,140.246012
24.32,C8H14O2,0.891,18.255,37.864,40.2,0.0010995,12960000000.0,90.18,5.125,"2.15 ",8.0,0.0,0.0,2.0,0.0,14.0,0.0,0.0,0.0,0.0,142.19590399999998
24.42,C8H16,0.773,10.033,34.954,34.593,0.0010583,10780000000.0,80.62,4.135,"0.000 ",8.0,0.0,0.0,0.0,0.0,16.0,0.0,0.0,0.0,0.0,112.212976
22.32,C8H16,0.777,11.482,34.063,33.225,0.0010573,10990000000.0,81.82,3.773,"0.000 ",8.0,0.0,0.0,0.0,0.0,16.0,0.0,0.0,0.0,0.0,112.212976
25.05,C8H16,0.784,8.33,35.039,34.163000000000004,0.0010819,10220000000.0,80.69,3.932,"0.000 ",8.0,0.0,0.0,0.0,0.0,16.0,0.0,0.0,0.0,0.0,112.212976
23.65,C8H16,0.777,2.01,33.903,32.443000000000005,0.0011083,10990000000.0,81.82,3.668,"0.000 ",8.0,0.0,0.0,0.0,0.0,16.0,0.0,0.0,0.0,0.0,112.212976
23.57,C8H16,0.772,10.49,34.253,32.865,0.0011045,10780000000.0,81.82,3.883,"0.000 ",8.0,0.0,0.0,0.0,0.0,16.0,0.0,0.0,0.0,0.0,112.212976
22.59,C8H16,0.762,10.82,33.903,32.722,0.0010892,10780000000.0,81.82,3.972,"0.000 ",8.0,0.0,0.0,0.0,0.0,16.0,0.0,0.0,0.0,0.0,112.212976
24.15,C8H16,0.781,9.865,34.186,33.247,0.0011088,10780000000.0,81.82,3.982,"0.000 ",8.0,0.0,0.0,0.0,0.0,16.0,0.0,0.0,0.0,0.0,112.212976
23.94,C8H16,0.779,9.31,34.281,33.14,0.0011108,10780000000.0,81.82,3.905,"0.000 ",8.0,0.0,0.0,0.0,0.0,16.0,0.0,0.0,0.0,0.0,112.212976
22.52,C8H16,0.759,12.331,33.865,32.477,0.0010983,10780000000.0,81.82,3.907,"0.000 ",8.0,0.0,0.0,0.0,0.0,16.0,0.0,0.0,0.0,0.0,112.212976
21.29,C8H16,0.711,15.313,34.092,34.387,0.0011552,11810000000.0,85.23,4.457,"0.339 ",8.0,0.0,0.0,0.0,0.0,16.0,0.0,0.0,0.0,0.0,112.212976
21.42,C8H16,0.711,16.678,34.226,33.673,0.0011745,11800000000.0,85.2,4.415,"0.000 ",8.0,0.0,0.0,0.0,0.0,16.0,0.0,0.0,0.0,0.0,112.212976
21.07,C8H16,0.71,16.678,34.092,33.715,0.0011748,11800000000.0,85.2,4.419,"0.000 ",8.0,0.0,0.0,0.0,0.0,16.0,0.0,0.0,0.0,0.0,112.212976
21.2,C8H16,0.723,13.886,33.936,34.113,0.001171,12110000000.0,85.21,4.579,"0.000 ",8.0,0.0,0.0,0.0,0.0,16.0,0.0,0.0,0.0,0.0,112.212976
17.26,C8H16,0.711,8.765,32.204,30.985,0.0011745,12300000000.0,85.19,3.994,"0.000 ",8.0,0.0,0.0,0.0,0.0,16.0,0.0,0.0,0.0,0.0,112.212976
17.98,C8H16,0.717,6.794,32.486,31.927,0.0011728,12290000000.0,85.16,4.136,"0.000 ",8.0,0.0,0.0,0.0,0.0,16.0,0.0,0.0,0.0,0.0,112.212976
29.1,C8H16O,0.82,25.86,38.772,39.947,0.00095433,12590000000.0,90.19,4.681,"2.320 ",8.0,0.0,0.0,1.0,0.0,16.0,0.0,0.0,0.0,0.0,128.212381
24.13,C8H16O,0.819,21.339,38.098,40.653,0.00095352,12580000000.0,90.18,4.862,"2.660 ",8.0,0.0,0.0,1.0,0.0,16.0,0.0,0.0,0.0,0.0,128.212381
26.57,C8H16O,0.815,24.419,38.944,51.58,0.0009824,12590000000.0,90.19,4.892,"2.461 ",8.0,0.0,0.0,1.0,0.0,16.0,0.0,0.0,0.0,0.0,128.212381
26.01,C8H18O,0.817,19.7,39.614,44.163,0.0010159,13020000000.0,93.31,4.898,"1.649 ",8.0,0.0,0.0,1.0,0.0,18.0,0.0,0.0,0.0,0.0,130.228263
30.36,C8H18O,0.83,19.597,39.901,50.804,0.00097808,13020000000.0,93.31,4.809,"1.760 ",8.0,0.0,0.0,1.0,0.0,18.0,0.0,0.0,0.0,0.0,130.228263
22.44,C8H18O,0.764,16.6,35.988,37.346,0.0010959,12880000000.0,91.92,4.797,"1.169 ",8.0,0.0,0.0,1.0,0.0,18.0,0.0,0.0,0.0,0.0,130.228263
36.92,C8H18O3,0.952,20.3,44.535,54.049,0.00083202,14200000000.0,101.0,5.106,"2.350 ",8.0,0.0,0.0,3.0,0.0,18.0,0.0,0.0,0.0,0.0,162.22707300000002
31.88,C8H18O4,0.98,23.71,43.087,50.901,0.00089314,14740000000.0,103.52,5.414,"2.239 ",8.0,0.0,0.0,4.0,0.0,18.0,0.0,0.0,0.0,0.0,178.226478
49.42,C8H18O5,1.122,36.6,54.135,78.318,0.00067921,15520000000.0,109.02,5.602,"3.238 ",8.0,0.0,0.0,5.0,0.0,18.0,0.0,0.0,0.0,0.0,194.225883
27.77,C8H18S,0.84,24.0,41.552,42.539,0.00093857,13900000000.0,100.09,5.013999999999999,"1.610 ",8.0,0.0,0.0,0.0,0.0,18.0,0.0,0.0,0.0,1.0,146.293658
26.99,C8H18S,0.841,11.497,41.16,35.73699999999999,0.00093838,13860000000.0,100.05,4.263999999999999,"1.670 ",8.0,0.0,0.0,0.0,0.0,18.0,0.0,0.0,0.0,1.0,146.293658
31.66,C10H18,0.894,14.414,40.86,39.801,0.00085652,11370000000.0,94.26,4.206,"0.000 ",10.0,0.0,0.0,0.0,0.0,18.0,0.0,0.0,0.0,0.0,138.250338
29.38,C10H18,0.868,3.244,40.285,38.62,0.00089742,11370000000.0,94.26,4.314,"0.000 ",10.0,0.0,0.0,0.0,0.0,18.0,0.0,0.0,0.0,0.0,138.250338
26.51,C10H20,0.818,14.159,39.614,38.744,0.00095266,12920000000.0,101.15,4.831,"0.000 ",10.0,0.0,0.0,0.0,0.0,20.0,0.0,0.0,0.0,0.0,140.26622
23.55,C10H20,0.737,13.81,38.37,39.358,0.001001,14510000000.0,105.69,5.227,"0.420 ",10.0,0.0,0.0,0.0,0.0,20.0,0.0,0.0,0.0,0.0,140.26622
23.0,C10H20,0.7631,21.3,38.368,39.97,0.0010133,14500000000.0,105.56,5.337999999999999,"0.300 ",10.0,0.0,0.0,0.0,0.0,20.0,0.0,0.0,0.0,0.0,140.26622
23.0,C10H20,0.7631,22.6,38.368,40.027,0.0010133,14500000000.0,105.56,5.398,"0.000 ",10.0,0.0,0.0,0.0,0.0,20.0,0.0,0.0,0.0,0.0,140.26622
23.0,C10H20,0.7631,18.1,38.368,39.214,0.0010133,14500000000.0,105.68,5.273,"0.000 ",10.0,0.0,0.0,0.0,0.0,20.0,0.0,0.0,0.0,0.0,140.26622
23.71,C10H20,0.8196,12.2,39.039,39.8,0.00095234,13120000000.0,101.14,4.4830000000000005,"0.000 ",10.0,0.0,0.0,0.0,0.0,20.0,0.0,0.0,0.0,0.0,140.26622
23.38,C10H20,0.8038,11.2,39.154,39.637,0.00095552,12890000000.0,101.12,4.518,"0.000 ",10.0,0.0,0.0,0.0,0.0,20.0,0.0,0.0,0.0,0.0,140.26622
30.6,C10H20O,0.828,30.6,42.369,46.728,0.00090126,15290000000.0,110.65,5.377999999999999,"2.578 ",10.0,0.0,0.0,1.0,0.0,20.0,0.0,0.0,0.0,0.0,156.265625
23.3,C10H20O2,0.87,22.502,41.456,43.611,0.00099248,15880000000.0,114.14,5.895,"1.883 ",10.0,0.0,0.0,2.0,0.0,20.0,0.0,0.0,0.0,0.0,172.26503
20.93,C10H20O2,0.854,18.979,40.63,43.154,0.00099385,15870000000.0,114.13,5.586,"2.179 ",10.0,0.0,0.0,2.0,0.0,20.0,0.0,0.0,0.0,0.0,172.26503
23.41,C10H22,0.728,28.715,39.059,40.017,0.00094334,15040000000.0,109.18,5.184,"0.000 ",10.0,0.0,0.0,0.0,0.0,22.0,0.0,0.0,0.0,0.0,142.282102
24.0,C10H22,0.723,17.489,38.385,38.138,0.00097868,15030000000.0,109.17,5.428999999999999,"0.0 ",10.0,0.0,0.0,0.0,0.0,22.0,0.0,0.0,0.0,0.0,142.282102
24.44,C10H22,0.729,18.698,38.461,38.106,0.00097715,15030000000.0,109.17,5.2860000000000005,"0.0 ",10.0,0.0,0.0,0.0,0.0,22.0,0.0,0.0,0.0,0.0,142.282102
23.9,C10H22,0.728,15.188,38.261,38.505,0.00097741,15030000000.0,109.17,5.448,"0.0 ",10.0,0.0,0.0,0.0,0.0,22.0,0.0,0.0,0.0,0.0,142.282102
23.81,C10H22,0.729,16.64,38.208,37.984,0.00097715,15030000000.0,109.17,5.318,"0.0 ",10.0,0.0,0.0,0.0,0.0,22.0,0.0,0.0,0.0,0.0,142.282102
21.66,C10H22,0.721,14.242,37.421,37.152,0.0009792,15230000000.0,109.16,5.223,"0.0 ",10.0,0.0,0.0,0.0,0.0,22.0,0.0,0.0,0.0,0.0,142.282102
28.59,C10H22O,0.825,37.66,44.617,46.517,0.00089475,15730000000.0,113.78,5.499,"1.619 ",10.0,0.0,0.0,1.0,0.0,22.0,0.0,0.0,0.0,0.0,158.281507
24.33,C10H22O,0.78,25.8,40.352,41.67,0.0010356,15650000000.0,112.89,5.374,"1.199 ",10.0,0.0,0.0,1.0,0.0,22.0,0.0,0.0,0.0,0.0,158.281507
33.42,C10H22O5,1.006,25.4,48.881,57.85,0.00078321,18040000000.0,127.68,6.277,"2.47 ",10.0,0.0,0.0,5.0,0.0,22.0,0.0,0.0,0.0,0.0,222.279127
26.59,C10H22S,0.841,31.0,44.958,47.25899999999999,0.00087742,16580000000.0,120.55,5.712000000000001,"1.649 ",10.0,0.0,0.0,0.0,0.0,22.0,0.0,0.0,0.0,1.0,174.346902
25.97,C10H23N,0.791,33.8,43.188,46.841,0.00083704,16000000000.0,116.0,5.477,"1.409 ",10.0,0.0,0.0,0.0,0.0,23.0,1.0,0.0,0.0,0.0,157.29674599999998
38.35,C11H10,1.017,6.95,45.585,45.821,0.00075544,9840000000.0,85.11,4.435,"0.51 ",11.0,0.0,0.0,0.0,0.0,10.0,0.0,0.0,0.0,0.0,142.19755
29.1,C11H16,0.855,15.24,42.072,42.265,0.0008447,12850000000.0,100.43,5.167999999999999,"0.0 ",11.0,0.0,0.0,0.0,0.0,16.0,0.0,0.0,0.0,0.0,148.24519600000002
25.47,C11H20O2,0.88,23.812,43.087,45.61,0.00092396,16700000000.0,120.88,6.265,"2.839 ",11.0,0.0,0.0,2.0,0.0,20.0,0.0,0.0,0.0,0.0,184.27577000000002
24.4,C11H22,0.747,16.99,40.86,41.728,0.00096473,15860000000.0,115.92,5.428999999999999,"0.531 ",11.0,0.0,0.0,0.0,0.0,22.0,0.0,0.0,0.0,0.0,154.292842
24.72,C11H22O,0.827,38.33,44.435,48.173,0.00085671,16640000000.0,120.88,5.711,"2.5780000000000003 ",11.0,0.0,0.0,1.0,0.0,22.0,0.0,0.0,0.0,0.0,170.292247
27.13,C11H24O,0.831,37.4,44.696,50.089,0.00087525,17080000000.0,124.01,5.808,"1.67 ",11.0,0.0,0.0,1.0,0.0,24.0,0.0,0.0,0.0,0.0,172.308129
26.26,C11H24S,0.841,39.9,46.706,49.388,0.00085268,17900000000.0,130.78,6.069,"1.67 ",11.0,0.0,0.0,0.0,0.0,24.0,0.0,0.0,0.0,1.0,188.373524
36.99,C12H14O4,1.113,17.984,48.649,57.425,0.00072039,15760000000.0,119.92,5.832000000000001,"2.7310000000000003 ",12.0,0.0,0.0,4.0,0.0,14.0,0.0,0.0,0.0,0.0,222.23767400000003
25.54,C12H18,0.855,18.41,44.063,44.945,0.00081282,14080000000.0,109.86,5.642,"0.000 ",12.0,0.0,0.0,0.0,0.0,18.0,0.0,0.0,0.0,0.0,162.271818
23.08,C12H18,0.8617,11.9,42.711,42.906,0.00081178,14430000000.0,111.56,5.044,"0.100 ",12.0,0.0,0.0,0.0,0.0,18.0,0.0,0.0,0.0,0.0,162.271818
28.51,C12H18,0.8887,12.2,45.502,44.084,0.00075891,14100000000.0,112.2,5.049,"0.000 ",12.0,0.0,0.0,0.0,0.0,18.0,0.0,0.0,0.0,0.0,162.271818
25.14,C12H24,0.756,19.9,42.803,43.704,0.00091938,17210000000.0,126.15,5.747000000000001,"0.519 ",12.0,0.0,0.0,0.0,0.0,24.0,0.0,0.0,0.0,0.0,168.319464
23.04,C12H24,0.7761,28.3,42.249,44.868,0.00091526,17200000000.0,126.12,6.0760000000000005,"0.000 ",12.0,0.0,0.0,0.0,0.0,24.0,0.0,0.0,0.0,0.0,168.319464
23.04,C12H24,0.7761,29.6,42.249,44.868,0.00091526,17200000000.0,126.12,5.446000000000001,"0.000 ",12.0,0.0,0.0,0.0,0.0,24.0,0.0,0.0,0.0,0.0,168.319464
22.63,C12H24O,0.835,42.21,45.212,50.347,0.00083173,17990000000.0,131.11,6.0520000000000005,"2.578 ",12.0,0.0,0.0,1.0,0.0,24.0,0.0,0.0,0.0,0.0,184.318869
24.94,C12H26,0.745,36.836,43.073,44.343,0.00086261,17740000000.0,129.64,5.914,"0.000 ",12.0,0.0,0.0,0.0,0.0,26.0,0.0,0.0,0.0,0.0,170.33534600000002
29.75,C12H26O,0.83,40.2,47.447,47.786,0.00084372,18430000000.0,134.24,6.119,"1.691 ",12.0,0.0,0.0,1.0,0.0,26.0,0.0,0.0,0.0,0.0,186.334751
24.4,C12H27N,0.775,29.857,42.206,46.613,0.00086077,18740000000.0,137.41,6.69,"0.780 ",12.0,0.0,0.0,0.0,0.0,27.0,1.0,0.0,0.0,0.0,185.34999
25.79,C13H26,0.762,22.83,44.617,46.095,0.00088146,18560000000.0,136.38,6.073,"0.000 ",13.0,0.0,0.0,0.0,0.0,26.0,0.0,0.0,0.0,0.0,182.346086
27.12,C13H26O,0.827,46.1,49.29,51.88399999999999,0.00081207,19340000000.0,141.34,6.345,"2.578 ",13.0,0.0,0.0,1.0,0.0,26.0,0.0,0.0,0.0,0.0,198.345491
22.97,C13H26O2,0.851,26.0,46.81,50.524,0.00090555,19940000000.0,144.84,7.273,"2.179 ",13.0,0.0,0.0,2.0,0.0,26.0,0.0,0.0,0.0,0.0,214.344896
29.58,C13H26O2,0.869,33.795,47.544,51.917,0.0008556,19940000000.0,144.84,6.857,"1.700 ",13.0,0.0,0.0,2.0,0.0,26.0,0.0,0.0,0.0,0.0,214.344896
25.55,C13H28,0.754,28.5,44.967,45.793,0.00083387,19090000000.0,139.85,6.198,"0.000 ",13.0,0.0,0.0,0.0,0.0,28.0,0.0,0.0,0.0,0.0,184.36196800000002
37.04,C14H12,1.011,27.608,50.078,48.002,0.00070971,12760000000.0,108.62,4.744,"0.000 ",14.0,0.0,0.0,0.0,0.0,12.0,0.0,0.0,0.0,0.0,180.245652
31.23,C14H14,0.996,17.573,48.302,50.403,0.00073006,13110000000.0,110.5,5.437,"0.000 ",14.0,0.0,0.0,0.0,0.0,14.0,0.0,0.0,0.0,0.0,182.261534
37.64,C14H14O,1.042,20.209,51.051,53.70399999999999,0.00069316,13960000000.0,115.84,6.077999999999999,"1.390 ",14.0,0.0,0.0,1.0,0.0,14.0,0.0,0.0,0.0,0.0,198.260939
35.24,C14H16,0.973,25.1,49.958,52.561,0.00069801,13930000000.0,115.81,5.68,"0.690 ",14.0,0.0,0.0,0.0,0.0,16.0,0.0,0.0,0.0,0.0,184.27741600000002
26.35,C14H28,0.768,25.47,46.476,48.121,0.00084876,19910000000.0,146.61,6.398,"0.381 ",14.0,0.0,0.0,0.0,0.0,28.0,0.0,0.0,0.0,0.0,196.37270800000002
26.15,C14H30,0.758,45.07,46.36,47.788,0.00083511,20440000000.0,150.1,6.4270000000000005,"0.000 ",14.0,0.0,0.0,0.0,0.0,30.0,0.0,0.0,0.0,0.0,198.38859
26.68,C15H32,0.765,34.6,48.01,49.571,0.00078446,21790000000.0,160.33,6.729,"0.0 ",15.0,0.0,0.0,0.0,0.0,32.0,0.0,0.0,0.0,0.0,212.415212
30.52,C16H26,0.852,32.635,51.035,53.535,0.00072214,19500000000.0,150.8,7.108,"0.0 ",16.0,0.0,0.0,0.0,0.0,26.0,0.0,0.0,0.0,0.0,218.378306
27.32,C16H32,0.777,30.192,48.711,52.028,0.00079543,22610000000.0,167.07,6.985,"0.51 ",16.0,0.0,0.0,0.0,0.0,32.0,0.0,0.0,0.0,0.0,224.425952
27.09,C16H34,0.77,53.359,49.373,51.31,0.00076449,23140000000.0,170.56,7.063,"0.0 ",16.0,0.0,0.0,0.0,0.0,34.0,0.0,0.0,0.0,0.0,226.441834
27.52,C17H36,0.773,40.16,51.452,52.483,0.00075256,24490000000.0,180.79,7.355,"0.0 ",17.0,0.0,0.0,0.0,0.0,36.0,0.0,0.0,0.0,0.0,240.468456
21.29,C18H30,0.849,40.166,53.945,56.796,0.00069034,22180000000.0,171.24,7.796,"0.0 ",18.0,0.0,0.0,0.0,0.0,30.0,0.0,0.0,0.0,0.0,246.43155
35.53,C18H32O2,0.902,47.7,57.441,68.997,0.00069394,23580000000.0,189.83,10.52,"1.217 ",18.0,0.0,0.0,2.0,0.0,32.0,0.0,0.0,0.0,0.0,280.446242
32.34,C18H34O2,0.8874,39.6,60.875,69.908,0.00070514,26240000000.0,193.35,10.43,"1.439 ",18.0,0.0,0.0,2.0,0.0,34.0,0.0,0.0,0.0,0.0,282.462124
28.08,C18H36,0.785,32.6,51.795,55.597,0.00075318,25310000000.0,187.53,7.588999999999999,"0.369 ",18.0,0.0,0.0,0.0,0.0,36.0,0.0,0.0,0.0,0.0,252.479196
21.55,C19H26,0.934,35.637,57.882,58.36600000000001,0.00063358,20600000000.0,166.15,7.732,"0.0 ",19.0,0.0,0.0,0.0,0.0,26.0,0.0,0.0,0.0,0.0,254.410526
20.17,C19H32,0.851,43.932,55.035,57.415,0.00067616,23620000000.0,182.27,8.189,"0.0 ",19.0,0.0,0.0,0.0,0.0,32.0,0.0,0.0,0.0,0.0,260.458172
20.55,C20H28,0.928,38.227,59.261,58.679,0.00062372,22100000000.0,176.4,8.139,"0.0 ",20.0,0.0,0.0,0.0,0.0,28.0,0.0,0.0,0.0,0.0,268.437148
18.89,C20H40,0.7838,56.1,54.498,55.783,0.00072232,27300000000.0,208.0,8.853,"0.205 ",20.0,0.0,0.0,0.0,0.0,40.0,0.0,0.0,0.0,0.0,280.53244